,,EXPENSES,,,,,,,,
Account Statement,,,"  19,423.45 ","  19,423.45 ","  15,449.45 ","  3,974.00 ",  -   ,,,
Sl No,Supplier,Project,TOTAL,COGS,PAID,BALANCE,PENDING,Comments,,
1,Policy & Attandance Framework Fee,HR Policy & Attandence Tracking (200+100),  150.00 ,  150.00 ,  25.00 ,  125.00 ,, Ramij ,,
2,GETPOS,"POS Configuration, Set-Up & Training",  100.00 ,  100.00 ,  100.00 ,,,,,
3,GETPOS,"POS Configuration, Set-Up & Training On site dep - Aqeel & Others",  20.00 ,  20.00 ,  20.00 ,  -   ,,,,
4,Digital Transformation Fee,Google My Business Configuration & Set-Up,  12.00 ,  12.00 ,  12.00 ,,,,,
5,Digital Transformation Fee,"LAN & IP Configuration and Set-Up, 1 NFC (18.5+50+2.5+7)",  50.00 ,  50.00 ,  50.00 ,,,,,
6,GETPOS,POS Monthly Subsc. For JAN to JUN 2026,  120.00 ,  120.00 ,  120.00 ,,,,,"  19,423.45 "
7,HR Freelance Fee,"HR Recruitment (Kaium, Lucky, Rasel, Jeewan)",  320.00 ,  320.00 ,  320.00 ,,,,,
8,Laila's exceptional projects (TROXY),HR Recruitment (Mukarram),  80.00 ,  80.00 ,  -   ,  80.00 ,, Ramij + Sandi ,,
9,Training & Development Fee,Training & Development for Nov 2025,  75.00 ,  75.00 ,  -   ,  75.00 ,, Ramij ,,
10,Training & Development Fee,Training & Development for Dec 2025,  75.00 ,  75.00 ,  -   ,  75.00 ,, Ramij ,,
11,Training & Development Fee,Training & Development for Jan 2026,  75.00 ,  75.00 ,  75.00 ,  -   ,,,,
12,Digital Transformation Fee,Website Development,  253.00 ,  253.00 ,  253.00 ,  -   ,  -   ,,,
13,Digital Transformation Fee,Bus. Development Direct Cost,  50.00 ,  50.00 ,  50.00 ,  -   ,,,,
14,Mr Sabdar Ali,Digital Transformation Fee,  188.00 ,  188.00 ,  188.00 ,  -   ,,,,
15,Mr Sabdar Ali,Mobile and Web Application Fee,"  5,655.00 ","  5,655.00 ","  5,184.00 ",  471.00 ,,,,
16,Digital Transformation Fee,Sales Forecast & Projection,  45.00 ,  45.00 ,  45.00 ,  -   ,,,,
17,Digital Transformation Fee,Website Development,  272.73 ,  272.73 ,  272.73 ,  -   ,,,,
18,ASCARA Tech,Visitor Management System,  795.45 ,  795.45 ,  715.45 ,  80.00 ,  -   ,,,
19,ASCARA Tech,Visitor Management System,  588.00 ,  588.00 ,  588.00 ,  -   ,,,,
20,Digital Transformation Fee,Visitor Management System,  35.00 ,  35.00 ,  35.00 ,  -   ,,,,
21,ASCARA Tech,Visitor Management System,  10.00 ,  10.00 ,  10.00 ,  -   ,,,,
22,Digital Transformation Fee,Mobile and Web Application,"  3,848.00 ","  3,848.00 ","  3,848.00 ",  -   ,,,,
23,Digital Transformation Fee,App - Logo & Brand Kits,  113.64 ,  113.64 ,  113.64 ,  -   ,,,,
24,Digital Transformation Fee,Preparation of Raw Inventory Data for Atur App,  612.00 ,  612.00 ,  382.00 ,  230.00 ,, Raihan ,,
25,Digital Transformation Fee,Min Al Khaleej - Logo & Brand Kits,  113.64 ,  113.64 ,  113.64 ,  -   ,,,,
26,HR Freelance Fee,Recruitment 1 IT & 1 Operation,  275.00 ,  275.00 ,,  275.00 ,, Ramij 175 + Sandi 100 ,,
27,Website Development fee, Atur App Development Re-initiation cost ,  310.00 ,  310.00 ,  310.00 ,  -   ,,,,
28,HR Freelance Fee,"HR Recruitment 1 Cook, 1 Waiter",  140.00 ,  140.00 ,,  140.00 ,, Sandali + Ramij ,,
29,Training & Development Fee,Training Need Analysis & Customer Survey,  700.00 ,  700.00 ,  700.00 ,  -   ,,,,
30,Peech Media,Marketing Managt. & Digi Maintenance - NOV'25 - Freelance Fee for Strategy and Management,  200.00 ,  200.00 ,,  200.00 ,, Ismail ,,
31,Peech Media,Marketing Managt. & Digi Maintenance - DEC'25  - Freelance Fee for Strategy and Management,  200.00 ,  200.00 ,,  200.00 ,, Ismail ,,
32,Peech Media,Marketing Managt. & Digi Maintenance - JAN'26  - Freelance Fee for Strategy and Management,  200.00 ,  200.00 ,,  200.00 ,, Ismail ,,
33,Peech Media,Marketing Managt. & Digi Maintenance - FEB'26  - Freelance Fee for Strategy and Management,  200.00 ,  200.00 ,,  200.00 ,, Ismail ,,
34,Peech Media,Marketing Managt. & Digi Maintenance - MAR'26,  350.00 ,  350.00 ,,  350.00 ,, Ismailn + Peech ,,
35,Peech Media,Marketing Managt. & Digi Maintenance - APR'26,  350.00 ,  350.00 ,,  350.00 ,, Ismailn + Peech ,,
36,Training & Development Fee,AQP Training & Development - NOV'25 Trainer Fees,  150.00 ,  150.00 ,  -   ,  150.00 ,, Ramij. ,,
37,Training & Development Fee,AQP Training & Development - DEC'25 Trainer Fees,  150.00 ,  150.00 ,  -   ,  150.00 ,, Ramij. ,,
38,Training & Development Fee,AQP Training & Development - JAN'26 Trainer Fees,  150.00 ,  150.00 ,  125.00 ,  25.00 ,, Ramij. ,,
39,Training & Development Fee,AQP Training & Development - FEB'26 Trainer Fees,  150.00 ,  150.00 ,  -   ,  150.00 ,, Ramij. ,,
40,Training & Development Fee,AQP Training & Development - MAR'26 Trainer Fees,  150.00 ,  150.00 ,  -   ,  150.00 ,, Ramij. ,,
41,Training & Development Fee,AQP Training & Development - APR'26 Trainer Fees,  150.00 ,  150.00 ,  -   ,  150.00 ,, Ramij. ,,
42,Policy & Attandance Framework Fee,AQP HR Policy & Attandance Framework,  213.00 ,  213.00 ,  100.00 ,  113.00 ,, Ramij. ,,
43,Website Development fee,Website Development,  70.00 ,  70.00 ,  70.00 ,  -   ,,,,
44,Branding Kits for Digital Marketing fee,Branding Kits for Digital Marketing,  114.00 ,  114.00 ,  114.00 ,  -   ,,,,
45,Direct Cost for Marketing,AQP Direct Cost for Marketing - Digital Production,  500.00 ,  500.00 ,  500.00 ,  -   ,,,,
46,Direct Cost for Marketing,AQP Direct Cost for Marketing - FEB,  253.00 ,  253.00 ,  253.00 ,  -   ,,,,
47,Direct Cost for Marketing,AQP Direct Cost for Marketing - Santa Décor,  620.00 ,  620.00 ,  620.00 ,  -   ,,,,
48,Digital Transformation Fee,CRM Solutions and WhatsApp Business,  172.00 ,  172.00 ,  137.00 ,  35.00 ,,,,
49,,,,,,  -   ,,,,
50,,,,,,  -   ,,,,
,,,,,,  -   ,,,,
,,,,,,  -   ,,,,
,,,,,,  -   ,,,,
,,,,,,  -   ,,,,
,,,,,,  -   ,,,,
,,,,,,  -   ,,,,
,,,,,,  -   ,,,,
,,,,,,  -   ,,,,
,,,,,,  -   ,,,,
,,,,,,  -   ,,,,
,,,,,,  -   ,,,,
,,,,,,  -   ,,,,
,,,,,,  -   ,,,,
,,,,,,  -   ,,,,
,,,,,,  -   ,,,,
,,,,,,  -   ,,,,
,,,,,,  -   ,,,,
,,,,,,  -   ,,,,
,,,,,,  -   ,,,,
,,,,,,  -   ,,,,
,,,,,,  -   ,,,,
,,,,,,  -   ,,,,
,,,,,,  -   ,,,,
,,,,,,  -   ,,,,
,,,,,,  -   ,,,,
,,,,,,  -   ,,,,
,,,,,,  -   ,,,,
,,,,,,  -   ,,,,
,,,,,,  -   ,,,,
,,,,,,  -   ,,,,
,,,,,,  -   ,,,,
,,,,,,  -   ,,,,
,,,,,,  -   ,,,,
,,,,,,  -   ,,,,
,,,,,,  -   ,,,,
,,,,,,  -   ,,,,
,,,,,,  -   ,,,,
,,,,,,  -   ,,,,
,,,,,,  -   ,,,,
,,,,,,  -   ,,,,
,,,,,,  -   ,,,,
,,,,,,  -   ,,,,
,,,,,,  -   ,,,,
,,,,,,  -   ,,,,
,,,,,,  -   ,,,,
,,,,,,  -   ,,,,
,,,,,,  -   ,,,,
,,,,,,  -   ,,,,
,,,,,,  -   ,,,,
,,,,,,  -   ,,,,
,,,,,,  -   ,,,,
,,,,,,  -   ,,,,
,,,,,,  -   ,,,,
,,,,,,  -   ,,,,
,,,,,,  -   ,,,,
,,,,,,  -   ,,,,
,,,,,,  -   ,,,,
,,,,,,  -   ,,,,
,,,,,,  -   ,,,,
,,,,,,  -   ,,,,
,,,,,,  -   ,,,,
,,,,,,  -   ,,,,
,,,,,,  -   ,,,,
,,,,,,  -   ,,,,
,,,,,,  -   ,,,,
,,,,,,  -   ,,,,
,,,,,,  -   ,,,,
,,,,,,  -   ,,,,
,,,,,,  -   ,,,,
,,,,,,  -   ,,,,
,,,,,,  -   ,,,,
,,,,,,  -   ,,,,
,,,,,,  -   ,,,,
,,,,,,  -   ,,,,
,,,,,,  -   ,,,,
,,,,,,  -   ,,,,
,,,,,,  -   ,,,,
,,,,,,  -   ,,,,
,,,,,,  -   ,,,,
,,,,,,  -   ,,,,
,,,,,,  -   ,,,,
,,,,,,  -   ,,,,
,,,,,,  -   ,,,,
,,,,,,  -   ,,,,
,,,,,,  -   ,,,,
,,,,,,  -   ,,,,
,,,,,,  -   ,,,,
,,,,,,  -   ,,,,
,,,,,,  -   ,,,,
,,,,,,  -   ,,,,
,,,,,,  -   ,,,,
,,,,,,  -   ,,,,
,,,,,,  -   ,,,,
,,,,,,  -   ,,,,
,,,,,,  -   ,,,,
,,,,,,  -   ,,,,
,,,,,,  -   ,,,,
,,,,,,  -   ,,,,
,,,,,,  -   ,,,,
,,,,,,  -   ,,,,
,,,,,,  -   ,,,,
,,,,,,  -   ,,,,
,,,,,,  -   ,,,,
,,,,,,  -   ,,,,
,,,,,,  -   ,,,,
,,,,,,  -   ,,,,
,,,,,,  -   ,,,,
,,,,,,  -   ,,,,
,,,,,,  -   ,,,,
,,,,,,  -   ,,,,
,,,,,,  -   ,,,,
,,,,,,  -   ,,,,
,,,,,,  -   ,,,,
,,,,,,  -   ,,,,
,,,,,,  -   ,,,,
,,,,,,  -   ,,,,
,,,,,,  -   ,,,,
,,,,,,  -   ,,,,
,,,,,,  -   ,,,,
,,,,,,  -   ,,,,
,,,,,,  -   ,,,,
,,,,,,  -   ,,,,
,,,,,,  -   ,,,,
,,,,,,  -   ,,,,
,,,,,,  -   ,,,,
,,,,,,  -   ,,,,
,,,,,,  -   ,,,,
,,,,,,  -   ,,,,
,,,,,,  -   ,,,,
,,,,,,  -   ,,,,
,,,,,,  -   ,,,,
,,,,,,  -   ,,,,
,,,,,,  -   ,,,,
,,,,,,  -   ,,,,
,,,,,,  -   ,,,,
,,,,,,  -   ,,,,
,,,,,,  -   ,,,,
,,,,,,  -   ,,,,
,,,,,,  -   ,,,,
,,,,,,  -   ,,,,
,,,,,,  -   ,,,,
,,,,,,  -   ,,,,
,,,,,,  -   ,,,,
,,,,,,  -   ,,,,
,,,,,,  -   ,,,,
,,,,,,  -   ,,,,
,,,,,,  -   ,,,,
,,,,,,  -   ,,,,
,,,,,,  -   ,,,,
,,,,,,  -   ,,,,
,,,,,,  -   ,,,,
,,,,,,  -   ,,,,
,,,,,,  -   ,,,,
,,,,,,  -   ,,,,
,,,,,,  -   ,,,,
,,,,,,  -   ,,,,
,,,,,,  -   ,,,,
,,,,,,  -   ,,,,
,,,,,,  -   ,,,,
,,,,,,  -   ,,,,
,,,,,,  -   ,,,,
,,,,,,  -   ,,,,
,,,,,,  -   ,,,,
,,,,,,  -   ,,,,
,,,,,,  -   ,,,,
,,,,,,  -   ,,,,
,,,,,,  -   ,,,,
,,,,,,  -   ,,,,
,,,,,,  -   ,,,,
,,,,,,  -   ,,,,
,,,,,,  -   ,,,,
,,,,,,  -   ,,,,
,,,,,,  -   ,,,,
,,,,,,  -   ,,,,
,,,,,,  -   ,,,,
,,,,,,  -   ,,,,
,,,,,,  -   ,,,,
,,,,,,  -   ,,,,
,,,,,,  -   ,,,,
,,,,,,  -   ,,,,
,,,,,,  -   ,,,,
,,,,,,  -   ,,,,
,,,,,,  -   ,,,,
,,,,,,  -   ,,,,
,,,,,,  -   ,,,,
,,,,,,  -   ,,,,
,,,,,,  -   ,,,,
,,,,,,  -   ,,,,
,,,,,,  -   ,,,,
,,,,,,  -   ,,,,
,,,,,,  -   ,,,,
,,,,,,  -   ,,,,
,,,,,,  -   ,,,,
,,,,,,  -   ,,,,
,,,,,,  -   ,,,,
,,,,,,  -   ,,,,
,,,,,,  -   ,,,,
,,,,,,  -   ,,,,
,,,,,,  -   ,,,,
,,,,,,  -   ,,,,
,,,,,,  -   ,,,,
,,,,,,  -   ,,,,
,,,,,,  -   ,,,,
,,,,,,  -   ,,,,
,,,,,,  -   ,,,,
,,,,,,  -   ,,,,
,,,,,,  -   ,,,,
,,,,,,  -   ,,,,
,,,,,,  -   ,,,,
,,,,,,  -   ,,,,
,,,,,,  -   ,,,,
,,,,,,  -   ,,,,
,,,,,,  -   ,,,,
,,,,,,  -   ,,,,
,,,,,,  -   ,,,,
,,,,,,  -   ,,,,
,,,,,,  -   ,,,,
,,,,,,  -   ,,,,
,,,,,,  -   ,,,,
,,,,,,  -   ,,,,
,,,,,,  -   ,,,,
,,,,,,  -   ,,,,
,,,,,,  -   ,,,,
,,,,,,  -   ,,,,
,,,,,,  -   ,,,,
,,,,,,  -   ,,,,
,,,,,,  -   ,,,,
,,,,,,  -   ,,,,
,,,,,,  -   ,,,,
,,,,,,  -   ,,,,
,,,,,,  -   ,,,,
,,,,,,  -   ,,,,
,,,,,,  -   ,,,,
,,,,,,  -   ,,,,
,,,,,,  -   ,,,,
,,,,,,  -   ,,,,
,,,,,,  -   ,,,,
,,,,,,  -   ,,,,
,,,,,,  -   ,,,,
,,,,,,  -   ,,,,
,,,,,,  -   ,,,,
,,,,,,  -   ,,,,
,,,,,,  -   ,,,,
,,,,,,  -   ,,,,
,,,,,,  -   ,,,,
,,,,,,  -   ,,,,
,,,,,,  -   ,,,,
,,,,,,  -   ,,,,
,,,,,,  -   ,,,,
,,,,,,  -   ,,,,
,,,,,,  -   ,,,,
,,,,,,  -   ,,,,
,,,,,,  -   ,,,,
,,,,,,  -   ,,,,
,,,,,,  -   ,,,,
,,,,,,  -   ,,,,
,,,,,,  -   ,,,,
,,,,,,  -   ,,,,
,,,,,,  -   ,,,,
,,,,,,  -   ,,,,
,,,,,,  -   ,,,,
,,,,,,  -   ,,,,
,,,,,,  -   ,,,,
,,,,,,  -   ,,,,
,,,,,,  -   ,,,,
,,,,,,  -   ,,,,
,,,,,,  -   ,,,,
,,,,,,  -   ,,,,
,,,,,,  -   ,,,,
,,,,,,  -   ,,,,
,,,,,,  -   ,,,,
,,,,,,  -   ,,,,
,,,,,,  -   ,,,,
,,,,,,  -   ,,,,
,,,,,,  -   ,,,,
,,,,,,  -   ,,,,
,,,,,,  -   ,,,,
,,,,,,  -   ,,,,
,,,,,,  -   ,,,,
,,,,,,  -   ,,,,
,,,,,,  -   ,,,,
,,,,,,  -   ,,,,
,,,,,,  -   ,,,,
,,,,,,  -   ,,,,
,,,,,,  -   ,,,,
,,,,,,  -   ,,,,
,,,,,,  -   ,,,,
,,,,,,  -   ,,,,
,,,,,,  -   ,,,,
,,,,,,  -   ,,,,
,,,,,,  -   ,,,,
,,,,,,  -   ,,,,
,,,,,,  -   ,,,,
,,,,,,  -   ,,,,
,,,,,,  -   ,,,,
,,,,,,  -   ,,,,
,,,,,,  -   ,,,,
,,,,,,  -   ,,,,
,,,,,,  -   ,,,,
,,,,,,  -   ,,,,
,,,,,,  -   ,,,,
,,,,,,  -   ,,,,
,,,,,,  -   ,,,,
,,,,,,  -   ,,,,
,,,,,,  -   ,,,,
,,,,,,  -   ,,,,
,,,,,,  -   ,,,,
,,,,,,  -   ,,,,
,,,,,,  -   ,,,,
,,,,,,  -   ,,,,
,,,,,,  -   ,,,,
,,,,,,  -   ,,,,
,,,,,,  -   ,,,,
,,,,,,  -   ,,,,
,,,,,,  -   ,,,,
,,,,,,  -   ,,,,
,,,,,,  -   ,,,,
,,,,,,  -   ,,,,
,,,,,,  -   ,,,,
,,,,,,  -   ,,,,
,,,,,,  -   ,,,,
,,,,,,  -   ,,,,
,,,,,,  -   ,,,,
,,,,,,  -   ,,,,
,,,,,,  -   ,,,,
,,,,,,  -   ,,,,
,,,,,,  -   ,,,,
,,,,,,  -   ,,,,
,,,,,,  -   ,,,,
,,,,,,  -   ,,,,
,,,,,,  -   ,,,,
,,,,,,  -   ,,,,
,,,,,,  -   ,,,,
,,,,,,  -   ,,,,
,,,,,,  -   ,,,,
,,,,,,  -   ,,,,
,,,,,,  -   ,,,,
,,,,,,  -   ,,,,
,,,,,,  -   ,,,,
,,,,,,  -   ,,,,
,,,,,,  -   ,,,,
,,,,,,  -   ,,,,
,,,,,,  -   ,,,,
,,,,,,  -   ,,,,
,,,,,,  -   ,,,,
,,,,,,  -   ,,,,
,,,,,,  -   ,,,,
,,,,,,  -   ,,,,
,,,,,,  -   ,,,,
,,,,,,  -   ,,,,
,,,,,,  -   ,,,,
,,,,,,  -   ,,,,
,,,,,,  -   ,,,,
,,,,,,  -   ,,,,
,,,,,,  -   ,,,,
,,,,,,  -   ,,,,
,,,,,,  -   ,,,,
,,,,,,  -   ,,,,
,,,,,,  -   ,,,,
,,,,,,  -   ,,,,
,,,,,,  -   ,,,,
,,,,,,  -   ,,,,
,,,,,,  -   ,,,,
,,,,,,  -   ,,,,
,,,,,,  -   ,,,,
,,,,,,  -   ,,,,
,,,,,,  -   ,,,,
,,,,,,  -   ,,,,
,,,,,,  -   ,,,,
,,,,,,  -   ,,,,
,,,,,,  -   ,,,,
,,,,,,  -   ,,,,
,,,,,,  -   ,,,,
,,,,,,  -   ,,,,
,,,,,,  -   ,,,,
,,,,,,  -   ,,,,
,,,,,,  -   ,,,,
,,,,,,  -   ,,,,
,,,,,,  -   ,,,,
,,,,,,  -   ,,,,
,,,,,,  -   ,,,,
,,,,,,  -   ,,,,
,,,,,,  -   ,,,,
,,,,,,  -   ,,,,
,,,,,,  -   ,,,,
,,,,,,  -   ,,,,
,,,,,,  -   ,,,,
,,,,,,  -   ,,,,
,,,,,,  -   ,,,,
,,,,,,  -   ,,,,
,,,,,,  -   ,,,,
,,,,,,  -   ,,,,
,,,,,,  -   ,,,,
,,,,,,  -   ,,,,
,,,,,,  -   ,,,,
,,,,,,  -   ,,,,
,,,,,,  -   ,,,,
,,,,,,  -   ,,,,
,,,,,,  -   ,,,,
,,,,,,  -   ,,,,
,,,,,,  -   ,,,,
,,,,,,  -   ,,,,
,,,,,,  -   ,,,,
,,,,,,  -   ,,,,
,,,,,,  -   ,,,,
,,,,,,  -   ,,,,
,,,,,,  -   ,,,,
,,,,,,  -   ,,,,
,,,,,,  -   ,,,,
,,,,,,  -   ,,,,
,,,,,,  -   ,,,,
,,,,,,  -   ,,,,
,,,,,,  -   ,,,,
,,,,,,  -   ,,,,
,,,,,,  -   ,,,,
,,,,,,  -   ,,,,
,,,,,,  -   ,,,,
,,,,,,  -   ,,,,
,,,,,,  -   ,,,,
,,,,,,  -   ,,,,
,,,,,,  -   ,,,,
,,,,,,  -   ,,,,
,,,,,,  -   ,,,,
,,,,,,  -   ,,,,
,,,,,,  -   ,,,,
,,,,,,  -   ,,,,
,,,,,,  -   ,,,,
,,,,,,  -   ,,,,
,,,,,,  -   ,,,,
,,,,,,  -   ,,,,
,,,,,,  -   ,,,,
,,,,,,  -   ,,,,
,,,,,,  -   ,,,,
,,,,,,  -   ,,,,
,,,,,,  -   ,,,,
,,,,,,  -   ,,,,
,,,,,,  -   ,,,,
,,,,,,  -   ,,,,
,,,,,,  -   ,,,,
,,,,,,  -   ,,,,
,,,,,,  -   ,,,,
,,,,,,  -   ,,,,
,,,,,,  -   ,,,,
,,,,,,  -   ,,,,
,,,,,,  -   ,,,,
,,,,,,  -   ,,,,
,,,,,,  -   ,,,,
,,,,,,  -   ,,,,
,,,,,,  -   ,,,,
,,,,,,  -   ,,,,
,,,,,,  -   ,,,,
,,,,,,  -   ,,,,
,,,,,,  -   ,,,,
,,,,,,  -   ,,,,
,,,,,,  -   ,,,,
,,,,,,  -   ,,,,
,,,,,,  -   ,,,,
,,,,,,  -   ,,,,
,,,,,,  -   ,,,,
,,,,,,  -   ,,,,
,,,,,,  -   ,,,,
,,,,,,  -   ,,,,
,,,,,,  -   ,,,,
,,,,,,  -   ,,,,
,,,,,,  -   ,,,,
,,,,,,  -   ,,,,
,,,,,,  -   ,,,,
,,,,,,  -   ,,,,
,,,,,,  -   ,,,,
,,,,,,  -   ,,,,
,,,,,,  -   ,,,,
,,,,,,  -   ,,,,
,,,,,,  -   ,,,,
,,,,,,  -   ,,,,
,,,,,,  -   ,,,,
,,,,,,  -   ,,,,
,,,,,,  -   ,,,,
,,,,,,  -   ,,,,
,,,,,,  -   ,,,,
,,,,,,  -   ,,,,
,,,,,,  -   ,,,,
,,,,,,  -   ,,,,
,,,,,,  -   ,,,,
,,,,,,  -   ,,,,
,,,,,,  -   ,,,,
,,,,,,  -   ,,,,
,,,,,,  -   ,,,,
,,,,,,  -   ,,,,
,,,,,,  -   ,,,,
,,,,,,  -   ,,,,
,,,,,,  -   ,,,,
,,,,,,  -   ,,,,
,,,,,,  -   ,,,,
,,,,,,  -   ,,,,
,,,,,,  -   ,,,,
,,,,,,  -   ,,,,
,,,,,,  -   ,,,,
,,,,,,  -   ,,,,
,,,,,,  -   ,,,,
,,,,,,  -   ,,,,
,,,,,,  -   ,,,,
,,,,,,  -   ,,,,
,,,,,,  -   ,,,,
,,,,,,  -   ,,,,
,,,,,,  -   ,,,,
,,,,,,  -   ,,,,
,,,,,,  -   ,,,,
,,,,,,  -   ,,,,
,,,,,,  -   ,,,,
,,,,,,  -   ,,,,
,,,,,,  -   ,,,,
,,,,,,  -   ,,,,
,,,,,,  -   ,,,,
,,,,,,  -   ,,,,
,,,,,,  -   ,,,,
,,,,,,  -   ,,,,
,,,,,,  -   ,,,,
,,,,,,  -   ,,,,
,,,,,,  -   ,,,,
,,,,,,  -   ,,,,
,,,,,,  -   ,,,,
,,,,,,  -   ,,,,
,,,,,,  -   ,,,,
,,,,,,  -   ,,,,
,,,,,,  -   ,,,,
,,,,,,  -   ,,,,
,,,,,,  -   ,,,,
,,,,,,  -   ,,,,
,,,,,,  -   ,,,,
,,,,,,  -   ,,,,
,,,,,,  -   ,,,,
,,,,,,  -   ,,,,
,,,,,,  -   ,,,,
,,,,,,  -   ,,,,
,,,,,,  -   ,,,,
,,,,,,  -   ,,,,
,,,,,,  -   ,,,,
,,,,,,  -   ,,,,
,,,,,,  -   ,,,,
,,,,,,  -   ,,,,
,,,,,,  -   ,,,,
,,,,,,  -   ,,,,
,,,,,,  -   ,,,,
,,,,,,  -   ,,,,
,,,,,,  -   ,,,,
,,,,,,  -   ,,,,
,,,,,,  -   ,,,,
,,,,,,  -   ,,,,
,,,,,,  -   ,,,,
,,,,,,  -   ,,,,
,,,,,,  -   ,,,,
,,,,,,  -   ,,,,
,,,,,,  -   ,,,,
,,,,,,  -   ,,,,
,,,,,,  -   ,,,,
,,,,,,  -   ,,,,
,,,,,,  -   ,,,,
,,,,,,  -   ,,,,
,,,,,,  -   ,,,,
,,,,,,  -   ,,,,
,,,,,,  -   ,,,,
,,,,,,  -   ,,,,
,,,,,,  -   ,,,,
,,,,,,  -   ,,,,
,,,,,,  -   ,,,,
,,,,,,  -   ,,,,
,,,,,,  -   ,,,,
,,,,,,  -   ,,,,
,,,,,,  -   ,,,,
,,,,,,  -   ,,,,
,,,,,,  -   ,,,,
,,,,,,  -   ,,,,
,,,,,,  -   ,,,,
,,,,,,  -   ,,,,
,,,,,,  -   ,,,,
,,,,,,  -   ,,,,
,,,,,,  -   ,,,,
,,,,,,  -   ,,,,
,,,,,,  -   ,,,,
,,,,,,  -   ,,,,
,,,,,,  -   ,,,,
,,,,,,  -   ,,,,
,,,,,,  -   ,,,,
,,,,,,  -   ,,,,
,,,,,,  -   ,,,,
,,,,,,  -   ,,,,
,,,,,,  -   ,,,,
,,,,,,  -   ,,,,
,,,,,,  -   ,,,,
,,,,,,  -   ,,,,
,,,,,,  -   ,,,,
,,,,,,  -   ,,,,
,,,,,,  -   ,,,,
,,,,,,  -   ,,,,
,,,,,,  -   ,,,,
,,,,,,  -   ,,,,
,,,,,,  -   ,,,,
,,,,,,  -   ,,,,
,,,,,,  -   ,,,,
,,,,,,  -   ,,,,
,,,,,,  -   ,,,,
,,,,,,  -   ,,,,
,,,,,,  -   ,,,,
,,,,,,  -   ,,,,
,,,,,,  -   ,,,,
,,,,,,  -   ,,,,
,,,,,,  -   ,,,,
,,,,,,  -   ,,,,
,,,,,,  -   ,,,,
,,,,,,  -   ,,,,
,,,,,,  -   ,,,,
,,,,,,  -   ,,,,
,,,,,,  -   ,,,,
,,,,,,  -   ,,,,
,,,,,,  -   ,,,,
,,,,,,  -   ,,,,
,,,,,,  -   ,,,,
,,,,,,  -   ,,,,
,,,,,,  -   ,,,,
,,,,,,  -   ,,,,
,,,,,,  -   ,,,,
,,,,,,  -   ,,,,
,,,,,,  -   ,,,,
,,,,,,  -   ,,,,
,,,,,,  -   ,,,,
,,,,,,  -   ,,,,
,,,,,,  -   ,,,,
,,,,,,  -   ,,,,
,,,,,,  -   ,,,,
,,,,,,  -   ,,,,
,,,,,,  -   ,,,,
,,,,,,  -   ,,,,
,,,,,,  -   ,,,,
,,,,,,  -   ,,,,
,,,,,,  -   ,,,,
,,,,,,  -   ,,,,
,,,,,,  -   ,,,,
,,,,,,  -   ,,,,
,,,,,,  -   ,,,,
,,,,,,  -   ,,,,
,,,,,,  -   ,,,,
,,,,,,  -   ,,,,
,,,,,,  -   ,,,,
,,,,,,  -   ,,,,
,,,,,,  -   ,,,,
,,,,,,  -   ,,,,
,,,,,,  -   ,,,,
,,,,,,  -   ,,,,
,,,,,,  -   ,,,,
,,,,,,  -   ,,,,
,,,,,,  -   ,,,,
,,,,,,  -   ,,,,
,,,,,,  -   ,,,,
,,,,,,  -   ,,,,
,,,,,,  -   ,,,,
,,,,,,  -   ,,,,
,,,,,,  -   ,,,,
,,,,,,  -   ,,,,
,,,,,,  -   ,,,,
,,,,,,  -   ,,,,
,,,,,,  -   ,,,,
,,,,,,  -   ,,,,
,,,,,,  -   ,,,,
,,,,,,  -   ,,,,
,,,,,,  -   ,,,,
,,,,,,  -   ,,,,
,,,,,,  -   ,,,,
,,,,,,  -   ,,,,
,,,,,,  -   ,,,,
,,,,,,  -   ,,,,
,,,,,,  -   ,,,,
,,,,,,  -   ,,,,
,,,,,,  -   ,,,,
,,,,,,  -   ,,,,
,,,,,,  -   ,,,,
,,,,,,  -   ,,,,
,,,,,,  -   ,,,,
,,,,,,  -   ,,,,
,,,,,,  -   ,,,,
,,,,,,  -   ,,,,
,,,,,,  -   ,,,,
,,,,,,  -   ,,,,
,,,,,,  -   ,,,,
,,,,,,  -   ,,,,
,,,,,,  -   ,,,,
,,,,,,  -   ,,,,
,,,,,,  -   ,,,,
,,,,,,  -   ,,,,
,,,,,,  -   ,,,,
,,,,,,  -   ,,,,
,,,,,,  -   ,,,,
,,,,,,  -   ,,,,
,,,,,,  -   ,,,,
,,,,,,  -   ,,,,
,,,,,,  -   ,,,,
,,,,,,  -   ,,,,
,,,,,,  -   ,,,,
,,,,,,  -   ,,,,
,,,,,,  -   ,,,,
,,,,,,  -   ,,,,
,,,,,,  -   ,,,,
,,,,,,  -   ,,,,
,,,,,,  -   ,,,,
,,,,,,  -   ,,,,
,,,,,,  -   ,,,,
,,,,,,  -   ,,,,
,,,,,,  -   ,,,,
,,,,,,  -   ,,,,
,,,,,,  -   ,,,,
,,,,,,  -   ,,,,
,,,,,,  -   ,,,,
,,,,,,  -   ,,,,
,,,,,,  -   ,,,,
,,,,,,  -   ,,,,
,,,,,,  -   ,,,,
,,,,,,  -   ,,,,
,,,,,,  -   ,,,,
,,,,,,  -   ,,,,
,,,,,,  -   ,,,,
,,,,,,  -   ,,,,
,,,,,,  -   ,,,,
,,,,,,  -   ,,,,
,,,,,,  -   ,,,,
,,,,,,  -   ,,,,
,,,,,,  -   ,,,,
,,,,,,  -   ,,,,
,,,,,,  -   ,,,,
,,,,,,  -   ,,,,
,,,,,,  -   ,,,,
,,,,,,  -   ,,,,
,,,,,,  -   ,,,,
,,,,,,  -   ,,,,
,,,,,,  -   ,,,,
,,,,,,  -   ,,,,
,,,,,,  -   ,,,,
,,,,,,  -   ,,,,
,,,,,,  -   ,,,,
,,,,,,  -   ,,,,
,,,,,,  -   ,,,,
,,,,,,  -   ,,,,
,,,,,,  -   ,,,,
,,,,,,  -   ,,,,
,,,,,,  -   ,,,,
,,,,,,  -   ,,,,
,,,,,,  -   ,,,,
,,,,,,  -   ,,,,
,,,,,,  -   ,,,,
,,,,,,  -   ,,,,
,,,,,,  -   ,,,,
,,,,,,  -   ,,,,
,,,,,,  -   ,,,,
,,,,,,  -   ,,,,
,,,,,,  -   ,,,,
,,,,,,  -   ,,,,
,,,,,,  -   ,,,,
,,,,,,  -   ,,,,
,,,,,,  -   ,,,,
,,,,,,  -   ,,,,
,,,,,,  -   ,,,,
,,,,,,  -   ,,,,
,,,,,,  -   ,,,,
,,,,,,  -   ,,,,
,,,,,,  -   ,,,,
,,,,,,  -   ,,,,
,,,,,,  -   ,,,,
,,,,,,  -   ,,,,
,,,,,,  -   ,,,,
,,,,,,  -   ,,,,
,,,,,,  -   ,,,,
,,,,,,  -   ,,,,
,,,,,,  -   ,,,,
,,,,,,  -   ,,,,
,,,,,,  -   ,,,,
,,,,,,  -   ,,,,
,,,,,,  -   ,,,,
,,,,,,  -   ,,,,
,,,,,,  -   ,,,,
,,,,,,  -   ,,,,
,,,,,,  -   ,,,,
,,,,,,  -   ,,,,
,,,,,,  -   ,,,,
,,,,,,  -   ,,,,
,,,,,,  -   ,,,,
,,,,,,  -   ,,,,
,,,,,,  -   ,,,,
,,,,,,  -   ,,,,
,,,,,,  -   ,,,,
,,,,,,  -   ,,,,
,,,,,,  -   ,,,,
,,,,,,  -   ,,,,
,,,,,,  -   ,,,,
,,,,,,  -   ,,,,
,,,,,,  -   ,,,,
,,,,,,  -   ,,,,
,,,,,,  -   ,,,,
,,,,,,  -   ,,,,
,,,,,,  -   ,,,,
,,,,,,  -   ,,,,
,,,,,,  -   ,,,,
,,,,,,  -   ,,,,
,,,,,,  -   ,,,,
,,,,,,  -   ,,,,
,,,,,,  -   ,,,,
,,,,,,  -   ,,,,
,,,,,,  -   ,,,,
,,,,,,  -   ,,,,
,,,,,,  -   ,,,,
,,,,,,  -   ,,,,
,,,,,,  -   ,,,,
,,,,,,  -   ,,,,
,,,,,,  -   ,,,,
,,,,,,  -   ,,,,
,,,,,,  -   ,,,,
,,,,,,  -   ,,,,
,,,,,,  -   ,,,,
,,,,,,  -   ,,,,
,,,,,,  -   ,,,,
,,,,,,  -   ,,,,
,,,,,,  -   ,,,,
,,,,,,  -   ,,,,
,,,,,,  -   ,,,,
,,,,,,  -   ,,,,
,,,,,,  -   ,,,,
,,,,,,  -   ,,,,
,,,,,,  -   ,,,,
,,,,,,  -   ,,,,
,,,,,,  -   ,,,,
,,,,,,  -   ,,,,
,,,,,,  -   ,,,,
,,,,,,  -   ,,,,
,,,,,,  -   ,,,,
,,,,,,  -   ,,,,
,,,,,,  -   ,,,,
,,,,,,  -   ,,,,
,,,,,,  -   ,,,,
,,,,,,  -   ,,,,
,,,,,,  -   ,,,,
,,,,,,  -   ,,,,
,,,,,,  -   ,,,,
,,,,,,  -   ,,,,
,,,,,,  -   ,,,,
,,,,,,  -   ,,,,
,,,,,,  -   ,,,,
,,,,,,  -   ,,,,
,,,,,,  -   ,,,,
,,,,,,  -   ,,,,
,,,,,,  -   ,,,,
,,,,,,  -   ,,,,
,,,,,,  -   ,,,,
,,,,,,  -   ,,,,
,,,,,,  -   ,,,,
,,,,,,  -   ,,,,
,,,,,,  -   ,,,,
,,,,,,  -   ,,,,
,,,,,,  -   ,,,,
,,,,,,  -   ,,,,
,,,,,,  -   ,,,,
,,,,,,  -   ,,,,
,,,,,,  -   ,,,,
,,,,,,  -   ,,,,
,,,,,,  -   ,,,,
,,,,,,  -   ,,,,
,,,,,,  -   ,,,,
,,,,,,  -   ,,,,
,,,,,,  -   ,,,,
,,,,,,  -   ,,,,
,,,,,,  -   ,,,,
,,,,,,  -   ,,,,
,,,,,,  -   ,,,,
,,,,,,  -   ,,,,
,,,,,,  -   ,,,,
,,,,,,  -   ,,,,
,,,,,,  -   ,,,,
,,,,,,  -   ,,,,
,,,,,,  -   ,,,,
,,,,,,  -   ,,,,
,,,,,,  -   ,,,,
,,,,,,  -   ,,,,
,,,,,,  -   ,,,,
,,,,,,  -   ,,,,
,,,,,,  -   ,,,,
,,,,,,  -   ,,,,
,,,,,,  -   ,,,,
,,,,,,  -   ,,,,
,,,,,,  -   ,,,,
,,,,,,  -   ,,,,
,,,,,,  -   ,,,,
,,,,,,  -   ,,,,
,,,,,,  -   ,,,,
,,,,,,  -   ,,,,
,,,,,,  -   ,,,,
,,,,,,  -   ,,,,
,,,,,,  -   ,,,,
,,,,,,  -   ,,,,
,,,,,,  -   ,,,,
,,,,,,  -   ,,,,
,,,,,,  -   ,,,,
,,,,,,  -   ,,,,
,,,,,,  -   ,,,,
,,,,,,  -   ,,,,
,,,,,,  -   ,,,,
,,,,,,  -   ,,,,
,,,,,,  -   ,,,,
,,,,,,  -   ,,,,
,,,,,,  -   ,,,,
,,,,,,  -   ,,,,
,,,,,,  -   ,,,,
,,,,,,  -   ,,,,
,,,,,,  -   ,,,,
,,,,,,  -   ,,,,
,,,,,,  -   ,,,,
,,,,,,  -   ,,,,
,,,,,,  -   ,,,,
,,,,,,  -   ,,,,
,,,,,,  -   ,,,,
,,,,,,  -   ,,,,
,,,,,,  -   ,,,,
,,,,,,  -   ,,,,
,,,,,,  -   ,,,,
,,,,,,  -   ,,,,
,,,,,,  -   ,,,,
,,,,,,  -   ,,,,
,,,,,,  -   ,,,,
,,,,,,  -   ,,,,
,,,,,,  -   ,,,,
,,,,,,  -   ,,,,
,,,,,,  -   ,,,,
,,,,,,  -   ,,,,
,,,,,,  -   ,,,,
,,,,,,  -   ,,,,
,,,,,,  -   ,,,,
,,,,,,  -   ,,,,
,,,,,,  -   ,,,,
,,,,,,  -   ,,,,
,,,,,,  -   ,,,,
,,,,,,  -   ,,,,
,,,,,,  -   ,,,,
,,,,,,  -   ,,,,
,,,,,,  -   ,,,,
,,,,,,  -   ,,,,
,,,,,,  -   ,,,,
,,,,,,  -   ,,,,
,,,,,,  -   ,,,,
,,,,,,  -   ,,,,
,,,,,,  -   ,,,,
,,,,,,  -   ,,,,
,,,,,,  -   ,,,,
,,,,,,  -   ,,,,
,,,,,,  -   ,,,,
,,,,,,  -   ,,,,
,,,,,,  -   ,,,,
,,,,,,  -   ,,,,
,,,,,,  -   ,,,,
,,,,,,  -   ,,,,
,,,,,,  -   ,,,,
,,,,,,  -   ,,,,
,,,,,,  -   ,,,,
,,,,,,  -   ,,,,
,,,,,,  -   ,,,,
,,,,,,  -   ,,,,
,,,,,,  -   ,,,,
,,,,,,  -   ,,,,
,,,,,,  -   ,,,,
,,,,,,  -   ,,,,
,,,,,,  -   ,,,,
,,,,,,  -   ,,,,
,,,,,,  -   ,,,,
,,,,,,  -   ,,,,
,,,,,,  -   ,,,,
,,,,,,  -   ,,,,
,,,,,,  -   ,,,,
,,,,,,  -   ,,,,
,,,,,,  -   ,,,,
,,,,,,  -   ,,,,
,,,,,,  -   ,,,,
,,,,,,  -   ,,,,
,,,,,,  -   ,,,,
,,,,,,  -   ,,,,
,,,,,,  -   ,,,,
,,,,,,  -   ,,,,
,,,,,,  -   ,,,,
,,,,,,  -   ,,,,
,,,,,,  -   ,,,,
,,,,,,  -   ,,,,
,,,,,,  -   ,,,,
,,,,,,  -   ,,,,
,,,,,,  -   ,,,,
,,,,,,  -   ,,,,
,,,,,,  -   ,,,,
,,,,,,  -   ,,,,
,,,,,,  -   ,,,,
,,,,,,  -   ,,,,
,,,,,,  -   ,,,,
,,,,,,  -   ,,,,
,,,,,,  -   ,,,,
,,,,,,  -   ,,,,
,,,,,,  -   ,,,,
,,,,,,  -   ,,,,
,,,,,,  -   ,,,,
,,,,,,  -   ,,,,
,,,,,,  -   ,,,,
,,,,,,  -   ,,,,
,,,,,,  -   ,,,,
,,,,,,  -   ,,,,
,,,,,,  -   ,,,,
,,,,,,  -   ,,,,
,,,,,,  -   ,,,,
,,,,,,  -   ,,,,
,,,,,,  -   ,,,,
,,,,,,  -   ,,,,
,,,,,,  -   ,,,,
,,,,,,  -   ,,,,
,,,,,,  -   ,,,,
,,,,,,  -   ,,,,
,,,,,,  -   ,,,,
,,,,,,  -   ,,,,
,,,,,,  -   ,,,,
,,,,,,  -   ,,,,
,,,,,,  -   ,,,,
,,,,,,  -   ,,,,
,,,,,,  -   ,,,,
,,,,,,  -   ,,,,
,,,,,,  -   ,,,,
,,,,,,  -   ,,,,
,,,,,,  -   ,,,,
,,,,,,  -   ,,,,
,,,,,,  -   ,,,,
,,,,,,  -   ,,,,
,,,,,,  -   ,,,,
,,,,,,  -   ,,,,
,,,,,,  -   ,,,,
,,,,,,  -   ,,,,
,,,,,,  -   ,,,,
,,,,,,  -   ,,,,
,,,,,,  -   ,,,,
,,,,,,  -   ,,,,
,,,,,,  -   ,,,,
,,,,,,  -   ,,,,
,,,,,,  -   ,,,,
,,,,,,  -   ,,,,
,,,,,,  -   ,,,,
,,,,,,  -   ,,,,
,,,,,,  -   ,,,,
,,,,,,  -   ,,,,
,,,,,,  -   ,,,,
,,,,,,  -   ,,,,
,,,,,,  -   ,,,,
,,,,,,  -   ,,,,
,,,,,,  -   ,,,,
,,,,,,  -   ,,,,
,,,,,,  -   ,,,,
,,,,,,  -   ,,,,
,,,,,,  -   ,,,,
,,,,,,  -   ,,,,
,,,,,,  -   ,,,,
,,,,,,  -   ,,,,
,,,,,,  -   ,,,,
,,,,,,  -   ,,,,
,,,,,,  -   ,,,,
,,,,,,  -   ,,,,
,,,,,,  -   ,,,,
,,,,,,  -   ,,,,
,,,,,,  -   ,,,,
,,,,,,  -   ,,,,
,,,,,,  -   ,,,,
,,,,,,  -   ,,,,
,,,,,,  -   ,,,,
,,,,,,  -   ,,,,
,,,,,,  -   ,,,,
,,,,,,  -   ,,,,
,,,,,,  -   ,,,,
,,,,,,  -   ,,,,
,,,,,,  -   ,,,,
,,,,,,  -   ,,,,
,,,,,,  -   ,,,,
,,,,,,  -   ,,,,
,,,,,,  -   ,,,,
,,,,,,  -   ,,,,
,,,,,,  -   ,,,,
,,,,,,  -   ,,,,
,,,,,,  -   ,,,,
,,,,,,  -   ,,,,
,,,,,,  -   ,,,,
,,,,,,  -   ,,,,
,,,,,,  -   ,,,,
,,,,,,  -   ,,,,
,,,,,,  -   ,,,,
,,,,,,  -   ,,,,
,,,,,,  -   ,,,,
,,,,,,  -   ,,,,
,,,,,,  -   ,,,,
,,,,,,  -   ,,,,
,,,,,,  -   ,,,,
,,,,,,  -   ,,,,
,,,,,,  -   ,,,,
,,,,,,  -   ,,,,
,,,,,,  -   ,,,,
,,,,,,  -   ,,,,
,,,,,,  -   ,,,,
,,,,,,  -   ,,,,
,,,,,,  -   ,,,,
,,,,,,  -   ,,,,
,,,,,,  -   ,,,,
,,,,,,  -   ,,,,
,,,,,,  -   ,,,,
,,,,,,  -   ,,,,
,,,,,,  -   ,,,,
,,,,,,  -   ,,,,
,,,,,,  -   ,,,,
,,,,,,  -   ,,,,
,,,,,,  -   ,,,,
,,,,,,  -   ,,,,
,,,,,,  -   ,,,,
,,,,,,  -   ,,,,
,,,,,,  -   ,,,,
,,,,,,  -   ,,,,
,,,,,,  -   ,,,,
,,,,,,  -   ,,,,
,,,,,,  -   ,,,,
,,,,,,  -   ,,,,
,,,,,,  -   ,,,,
,,,,,,  -   ,,,,
,,,,,,  -   ,,,,
,,,,,,  -   ,,,,
,,,,,,  -   ,,,,
,,,,,,  -   ,,,,
,,,,,,  -   ,,,,
,,,,,,  -   ,,,,
,,,,,,  -   ,,,,
,,,,,,  -   ,,,,
,,,,,,  -   ,,,,
,,,,,,  -   ,,,,
,,,,,,  -   ,,,,
,,,,,,  -   ,,,,
,,,,,,  -   ,,,,
,,,,,,  -   ,,,,
,,,,,,  -   ,,,,
,,,,,,  -   ,,,,
,,,,,,  -   ,,,,
,,,,,,  -   ,,,,
,,,,,,  -   ,,,,
,,,,,,  -   ,,,,
,,,,,,  -   ,,,,
,,,,,,  -   ,,,,
,,,,,,  -   ,,,,
,,,,,,  -   ,,,,
,,,,,,  -   ,,,,
,,,,,,  -   ,,,,
,,,,,,  -   ,,,,
,,,,,,  -   ,,,,
,,,,,,  -   ,,,,
,,,,,,  -   ,,,,
,,,,,,  -   ,,,,
,,,,,,  -   ,,,,
,,,,,,  -   ,,,,
,,,,,,  -   ,,,,
,,,,,,  -   ,,,,
,,,,,,  -   ,,,,
,,,,,,  -   ,,,,
,,,,,,  -   ,,,,
,,,,,,  -   ,,,,
,,,,,,  -   ,,,,
,,,,,,  -   ,,,,
,,,,,,  -   ,,,,
,,,,,,  -   ,,,,
,,,,,,  -   ,,,,
,,,,,,  -   ,,,,
,,,,,,  -   ,,,,
,,,,,,  -   ,,,,
,,,,,,  -   ,,,,
,,,,,,  -   ,,,,
,,,,,,  -   ,,,,
,,,,,,  -   ,,,,
,,,,,,  -   ,,,,
,,,,,,  -   ,,,,
,,,,,,  -   ,,,,
,,,,,,  -   ,,,,
,,,,,,  -   ,,,,
,,,,,,  -   ,,,,
,,,,,,  -   ,,,,
,,,,,,  -   ,,,,
,,,,,,  -   ,,,,
,,,,,,  -   ,,,,
,,,,,,  -   ,,,,
,,,,,,  -   ,,,,
,,,,,,  -   ,,,,
,,,,,,  -   ,,,,
,,,,,,  -   ,,,,
,,,,,,  -   ,,,,
,,,,,,  -   ,,,,
,,,,,,  -   ,,,,
,,,,,,  -   ,,,,
,,,,,,  -   ,,,,
,,,,,,  -   ,,,,
,,,,,,  -   ,,,,
,,,,,,  -   ,,,,
,,,,,,  -   ,,,,
,,,,,,  -   ,,,,
,,,,,,  -   ,,,,
,,,,,,  -   ,,,,
,,,,,,  -   ,,,,
,,,,,,  -   ,,,,
,,,,,,  -   ,,,,
,,,,,,  -   ,,,,
,,,,,,  -   ,,,,
,,,,,,  -   ,,,,
,,,,,,  -   ,,,,
,,,,,,  -   ,,,,
,,,,,,  -   ,,,,
,,,,,,  -   ,,,,
,,,,,,  -   ,,,,
,,,,,,  -   ,,,,
,,,,,,  -   ,,,,
,,,,,,  -   ,,,,
,,,,,,  -   ,,,,
,,,,,,  -   ,,,,
,,,,,,  -   ,,,,
,,,,,,  -   ,,,,
,,,,,,  -   ,,,,
,,,,,,  -   ,,,,
,,,,,,  -   ,,,,
,,,,,,  -   ,,,,
,,,,,,  -   ,,,,
,,,,,,  -   ,,,,
,,,,,,  -   ,,,,
,,,,,,  -   ,,,,
,,,,,,  -   ,,,,
,,,,,,  -   ,,,,
,,,,,,  -   ,,,,
,,,,,,  -   ,,,,
,,,,,,  -   ,,,,
,,,,,,  -   ,,,,
,,,,,,  -   ,,,,
,,,,,,  -   ,,,,
,,,,,,  -   ,,,,
,,,,,,  -   ,,,,
,,,,,,  -   ,,,,
,,,,,,  -   ,,,,
,,,,,,  -   ,,,,
,,,,,,  -   ,,,,
,,,,,,  -   ,,,,
,,,,,,  -   ,,,,
,,,,,,  -   ,,,,
,,,,,,  -   ,,,,
,,,,,,  -   ,,,,
,,,,,,  -   ,,,,
,,,,,,  -   ,,,,
,,,,,,  -   ,,,,
,,,,,,  -   ,,,,
,,,,,,  -   ,,,,
,,,,,,  -   ,,,,
,,,,,,  -   ,,,,
,,,,,,  -   ,,,,
,,,,,,  -   ,,,,
,,,,,,  -   ,,,,
,,,,,,  -   ,,,,
,,,,,,  -   ,,,,
,,,,,,  -   ,,,,
,,,,,,  -   ,,,,
,,,,,,  -   ,,,,
,,,,,,  -   ,,,,
,,,,,,  -   ,,,,
,,,,,,  -   ,,,,
,,,,,,  -   ,,,,
,,,,,,  -   ,,,,
,,,,,,  -   ,,,,
,,,,,,  -   ,,,,
,,,,,,  -   ,,,,
,,,,,,  -   ,,,,
,,,,,,  -   ,,,,
,,,,,,  -   ,,,,
,,,,,,  -   ,,,,
,,,,,,  -   ,,,,
,,,,,,  -   ,,,,
,,,,,,  -   ,,,,
,,,,,,  -   ,,,,
,,,,,,  -   ,,,,
,,,,,,  -   ,,,,
,,,,,,  -   ,,,,
,,,,,,  -   ,,,,
,,,,,,  -   ,,,,
,,,,,,  -   ,,,,
,,,,,,  -   ,,,,
,,,,,,  -   ,,,,
,,,,,,  -   ,,,,
,,,,,,  -   ,,,,
,,,,,,  -   ,,,,
,,,,,,  -   ,,,,
,,,,,,  -   ,,,,
,,,,,,  -   ,,,,
,,,,,,  -   ,,,,
,,,,,,  -   ,,,,
,,,,,,  -   ,,,,
,,,,,,  -   ,,,,
,,,,,,  -   ,,,,
,,,,,,  -   ,,,,
,,,,,,  -   ,,,,
,,,,,,  -   ,,,,
,,,,,,  -   ,,,,
,,,,,,  -   ,,,,
,,,,,,  -   ,,,,
,,,,,,  -   ,,,,
,,,,,,  -   ,,,,
,,,,,,  -   ,,,,
,,,,,,  -   ,,,,
,,,,,,  -   ,,,,
,,,,,,  -   ,,,,
,,,,,,  -   ,,,,
,,,,,,  -   ,,,,
,,,,,,  -   ,,,,
,,,,,,  -   ,,,,
,,,,,,  -   ,,,,
,,,,,,  -   ,,,,
,,,,,,  -   ,,,,
,,,,,,  -   ,,,,
,,,,,,  -   ,,,,
,,,,,,  -   ,,,,
,,,,,,  -   ,,,,
,,,,,,  -   ,,,,
,,,,,,  -   ,,,,
,,,,,,  -   ,,,,
,,,,,,  -   ,,,,
,,,,,,  -   ,,,,
,,,,,,  -   ,,,,
,,,,,,  -   ,,,,
,,,,,,  -   ,,,,
,,,,,,  -   ,,,,
,,,,,,  -   ,,,,
,,,,,,  -   ,,,,
,,,,,,  -   ,,,,
,,,,,,  -   ,,,,
,,,,,,  -   ,,,,
,,,,,,  -   ,,,,
,,,,,,  -   ,,,,
,,,,,,  -   ,,,,
,,,,,,  -   ,,,,
,,,,,,  -   ,,,,
,,,,,,  -   ,,,,
,,,,,,  -   ,,,,
,,,,,,  -   ,,,,
,,,,,,  -   ,,,,
,,,,,,  -   ,,,,
,,,,,,  -   ,,,,
,,,,,,  -   ,,,,
,,,,,,  -   ,,,,
,,,,,,  -   ,,,,
,,,,,,  -   ,,,,
,,,,,,  -   ,,,,
,,,,,,  -   ,,,,
,,,,,,  -   ,,,,
,,,,,,  -   ,,,,
,,,,,,  -   ,,,,
,,,,,,  -   ,,,,
,,,,,,  -   ,,,,
,,,,,,  -   ,,,,
,,,,,,  -   ,,,,
,,,,,,  -   ,,,,
,,,,,,  -   ,,,,
,,,,,,  -   ,,,,
,,,,,,  -   ,,,,
,,,,,,  -   ,,,,
,,,,,,  -   ,,,,
,,,,,,  -   ,,,,
,,,,,,  -   ,,,,
,,,,,,  -   ,,,,
,,,,,,  -   ,,,,
,,,,,,  -   ,,,,
,,,,,,  -   ,,,,
,,,,,,  -   ,,,,
,,,,,,  -   ,,,,
,,,,,,  -   ,,,,
,,,,,,  -   ,,,,
,,,,,,  -   ,,,,
,,,,,,  -   ,,,,
,,,,,,  -   ,,,,
,,,,,,  -   ,,,,
,,,,,,  -   ,,,,
,,,,,,  -   ,,,,
,,,,,,  -   ,,,,
,,,,,,  -   ,,,,
,,,,,,  -   ,,,,
,,,,,,  -   ,,,,
,,,,,,  -   ,,,,
,,,,,,  -   ,,,,
,,,,,,  -   ,,,,
,,,,,,  -   ,,,,
,,,,,,  -   ,,,,
,,,,,,  -   ,,,,
,,,,,,  -   ,,,,
,,,,,,  -   ,,,,
,,,,,,  -   ,,,,
,,,,,,  -   ,,,,
,,,,,,  -   ,,,,
,,,,,,  -   ,,,,
,,,,,,  -   ,,,,
,,,,,,  -   ,,,,
,,,,,,  -   ,,,,
,,,,,,  -   ,,,,
,,,,,,  -   ,,,,
,,,,,,  -   ,,,,
,,,,,,  -   ,,,,
,,,,,,  -   ,,,,
,,,,,,  -   ,,,,
,,,,,,  -   ,,,,
,,,,,,  -   ,,,,
,,,,,,  -   ,,,,
,,,,,,  -   ,,,,
,,,,,,  -   ,,,,
,,,,,,  -   ,,,,
,,,,,,  -   ,,,,
,,,,,,  -   ,,,,
,,,,,,  -   ,,,,
,,,,,,  -   ,,,,
,,,,,,  -   ,,,,
,,,,,,  -   ,,,,
,,,,,,  -   ,,,,
,,,,,,  -   ,,,,
,,,,,,  -   ,,,,
,,,,,,  -   ,,,,
,,,,,,  -   ,,,,
,,,,,,  -   ,,,,
,,,,,,  -   ,,,,
,,,,,,  -   ,,,,
,,,,,,  -   ,,,,
,,,,,,  -   ,,,,
,,,,,,  -   ,,,,
,,,,,,  -   ,,,,
,,,,,,  -   ,,,,
,,,,,,  -   ,,,,
,,,,,,  -   ,,,,
,,,,,,  -   ,,,,
,,,,,,  -   ,,,,
,,,,,,  -   ,,,,
,,,,,,  -   ,,,,
,,,,,,  -   ,,,,
,,,,,,  -   ,,,,
,,,,,,  -   ,,,,
,,,,,,  -   ,,,,
,,,,,,  -   ,,,,
,,,,,,  -   ,,,,
,,,,,,  -   ,,,,
,,,,,,  -   ,,,,
,,,,,,  -   ,,,,
,,,,,,  -   ,,,,
,,,,,,  -   ,,,,
,,,,,,  -   ,,,,
,,,,,,  -   ,,,,
,,,,,,  -   ,,,,
,,,,,,  -   ,,,,
,,,,,,  -   ,,,,
,,,,,,  -   ,,,,
,,,,,,  -   ,,,,
,,,,,,  -   ,,,,
,,,,,,  -   ,,,,
,,,,,,  -   ,,,,
,,,,,,  -   ,,,,
,,,,,,  -   ,,,,
,,,,,,  -   ,,,,
,,,,,,  -   ,,,,
,,,,,,  -   ,,,,
,,,,,,  -   ,,,,
,,,,,,  -   ,,,,
,,,,,,  -   ,,,,
,,,,,,  -   ,,,,
,,,,,,  -   ,,,,
,,,,,,  -   ,,,,
,,,,,,  -   ,,,,
,,,,,,  -   ,,,,
,,,,,,  -   ,,,,
,,,,,,  -   ,,,,
,,,,,,  -   ,,,,
,,,,,,  -   ,,,,
,,,,,,  -   ,,,,
,,,,,,  -   ,,,,
,,,,,,  -   ,,,,
,,,,,,  -   ,,,,
,,,,,,  -   ,,,,
,,,,,,  -   ,,,,
,,,,,,  -   ,,,,
,,,,,,  -   ,,,,
,,,,,,  -   ,,,,
,,,,,,  -   ,,,,
,,,,,,  -   ,,,,
,,,,,,  -   ,,,,
,,,,,,  -   ,,,,
,,,,,,  -   ,,,,
,,,,,,  -   ,,,,
,,,,,,  -   ,,,,
,,,,,,  -   ,,,,
,,,,,,  -   ,,,,
,,,,,,  -   ,,,,
,,,,,,  -   ,,,,
,,,,,,  -   ,,,,
,,,,,,  -   ,,,,
,,,,,,  -   ,,,,
,,,,,,  -   ,,,,
,,,,,,  -   ,,,,
,,,,,,  -   ,,,,
,,,,,,  -   ,,,,
,,,,,,  -   ,,,,
,,,,,,  -   ,,,,
,,,,,,  -   ,,,,
,,,,,,  -   ,,,,
,,,,,,  -   ,,,,
,,,,,,  -   ,,,,
,,,,,,  -   ,,,,
,,,,,,  -   ,,,,
,,,,,,  -   ,,,,
,,,,,,  -   ,,,,
,,,,,,  -   ,,,,
,,,,,,  -   ,,,,
,,,,,,  -   ,,,,
,,,,,,  -   ,,,,
,,,,,,  -   ,,,,
,,,,,,  -   ,,,,
,,,,,,  -   ,,,,
,,,,,,  -   ,,,,
,,,,,,  -   ,,,,
,,,,,,  -   ,,,,
,,,,,,  -   ,,,,
,,,,,,  -   ,,,,
,,,,,,  -   ,,,,
,,,,,,  -   ,,,,
,,,,,,  -   ,,,,
,,,,,,  -   ,,,,
,,,,,,  -   ,,,,
,,,,,,  -   ,,,,
,,,,,,  -   ,,,,
,,,,,,  -   ,,,,
,,,,,,  -   ,,,,
,,,,,,  -   ,,,,
,,,,,,  -   ,,,,
,,,,,,  -   ,,,,
,,,,,,  -   ,,,,
,,,,,,  -   ,,,,
,,,,,,  -   ,,,,
,,,,,,  -   ,,,,
,,,,,,  -   ,,,,
,,,,,,  -   ,,,,
,,,,,,  -   ,,,,
,,,,,,  -   ,,,,
,,,,,,  -   ,,,,
,,,,,,  -   ,,,,
,,,,,,  -   ,,,,
,,,,,,  -   ,,,,
,,,,,,  -   ,,,,
,,,,,,  -   ,,,,
,,,,,,  -   ,,,,
,,,,,,  -   ,,,,
,,,,,,  -   ,,,,
,,,,,,  -   ,,,,
,,,,,,  -   ,,,,
,,,,,,  -   ,,,,
,,,,,,  -   ,,,,
,,,,,,  -   ,,,,
,,,,,,  -   ,,,,
,,,,,,  -   ,,,,
,,,,,,  -   ,,,,
,,,,,,  -   ,,,,
,,,,,,  -   ,,,,
,,,,,,  -   ,,,,
,,,,,,  -   ,,,,
,,,,,,  -   ,,,,
,,,,,,  -   ,,,,
,,,,,,  -   ,,,,
,,,,,,  -   ,,,,
,,,,,,  -   ,,,,
,,,,,,  -   ,,,,
,,,,,,  -   ,,,,
,,,,,,  -   ,,,,
,,,,,,  -   ,,,,
,,,,,,  -   ,,,,
,,,,,,  -   ,,,,
,,,,,,  -   ,,,,
,,,,,,  -   ,,,,
,,,,,,  -   ,,,,
,,,,,,  -   ,,,,
,,,,,,  -   ,,,,
,,,,,,  -   ,,,,
,,,,,,  -   ,,,,
,,,,,,  -   ,,,,
,,,,,,  -   ,,,,
,,,,,,  -   ,,,,
,,,,,,  -   ,,,,
,,,,,,  -   ,,,,
,,,,,,  -   ,,,,
,,,,,,  -   ,,,,
,,,,,,  -   ,,,,
,,,,,,  -   ,,,,
,,,,,,  -   ,,,,
,,,,,,  -   ,,,,
,,,,,,  -   ,,,,
,,,,,,  -   ,,,,
,,,,,,  -   ,,,,
,,,,,,  -   ,,,,
,,,,,,  -   ,,,,
,,,,,,  -   ,,,,
,,,,,,  -   ,,,,
,,,,,,  -   ,,,,
,,,,,,  -   ,,,,
,,,,,,  -   ,,,,
,,,,,,  -   ,,,,
,,,,,,  -   ,,,,
,,,,,,  -   ,,,,
,,,,,,  -   ,,,,
,,,,,,  -   ,,,,
,,,,,,  -   ,,,,
,,,,,,  -   ,,,,
,,,,,,  -   ,,,,
,,,,,,  -   ,,,,
,,,,,,  -   ,,,,
,,,,,,  -   ,,,,
,,,,,,  -   ,,,,
,,,,,,  -   ,,,,
,,,,,,  -   ,,,,
,,,,,,  -   ,,,,
,,,,,,  -   ,,,,
,,,,,,  -   ,,,,
,,,,,,  -   ,,,,
,,,,,,  -   ,,,,
,,,,,,  -   ,,,,
,,,,,,  -   ,,,,
,,,,,,  -   ,,,,
,,,,,,  -   ,,,,
,,,,,,  -   ,,,,
,,,,,,  -   ,,,,
,,,,,,  -   ,,,,
,,,,,,  -   ,,,,
,,,,,,  -   ,,,,
,,,,,,  -   ,,,,
,,,,,,  -   ,,,,
,,,,,,  -   ,,,,
,,,,,,  -   ,,,,
,,,,,,  -   ,,,,
,,,,,,  -   ,,,,
,,,,,,  -   ,,,,
,,,,,,  -   ,,,,
,,,,,,  -   ,,,,
,,,,,,  -   ,,,,
,,,,,,  -   ,,,,
,,,,,,  -   ,,,,
,,,,,,  -   ,,,,
,,,,,,  -   ,,,,
,,,,,,  -   ,,,,
,,,,,,  -   ,,,,
,,,,,,  -   ,,,,
,,,,,,  -   ,,,,
,,,,,,  -   ,,,,
,,,,,,  -   ,,,,
,,,,,,  -   ,,,,
,,,,,,  -   ,,,,
,,,,,,  -   ,,,,
,,,,,,  -   ,,,,
,,,,,,  -   ,,,,
,,,,,,  -   ,,,,
,,,,,,  -   ,,,,
,,,,,,  -   ,,,,
,,,,,,  -   ,,,,
,,,,,,  -   ,,,,
,,,,,,  -   ,,,,
,,,,,,  -   ,,,,
,,,,,,  -   ,,,,
,,,,,,  -   ,,,,
,,,,,,  -   ,,,,
,,,,,,  -   ,,,,
,,,,,,  -   ,,,,
,,,,,,  -   ,,,,
,,,,,,  -   ,,,,
,,,,,,  -   ,,,,
,,,,,,  -   ,,,,
,,,,,,  -   ,,,,
,,,,,,  -   ,,,,
,,,,,,  -   ,,,,
,,,,,,  -   ,,,,
,,,,,,  -   ,,,,
,,,,,,  -   ,,,,
,,,,,,  -   ,,,,
,,,,,,  -   ,,,,
,,,,,,  -   ,,,,
,,,,,,  -   ,,,,
,,,,,,  -   ,,,,
,,,,,,  -   ,,,,
,,,,,,  -   ,,,,
,,,,,,  -   ,,,,
,,,,,,  -   ,,,,
,,,,,,  -   ,,,,
,,,,,,  -   ,,,,
,,,,,,  -   ,,,,
,,,,,,  -   ,,,,
,,,,,,  -   ,,,,
,,,,,,  -   ,,,,
,,,,,,  -   ,,,,
,,,,,,  -   ,,,,
,,,,,,  -   ,,,,
,,,,,,  -   ,,,,
,,,,,,  -   ,,,,
,,,,,,  -   ,,,,
,,,,,,  -   ,,,,
,,,,,,  -   ,,,,
,,,,,,  -   ,,,,
,,,,,,  -   ,,,,
,,,,,,  -   ,,,,
,,,,,,  -   ,,,,
,,,,,,  -   ,,,,
,,,,,,  -   ,,,,
,,,,,,  -   ,,,,
,,,,,,  -   ,,,,
,,,,,,  -   ,,,,
,,,,,,  -   ,,,,
,,,,,,  -   ,,,,
,,,,,,  -   ,,,,
,,,,,,  -   ,,,,
,,,,,,  -   ,,,,
,,,,,,  -   ,,,,
,,,,,,  -   ,,,,
,,,,,,  -   ,,,,
,,,,,,  -   ,,,,
,,,,,,  -   ,,,,
,,,,,,  -   ,,,,
,,,,,,  -   ,,,,
,,,,,,  -   ,,,,
,,,,,,  -   ,,,,
,,,,,,  -   ,,,,
,,,,,,  -   ,,,,
,,,,,,  -   ,,,,
,,,,,,  -   ,,,,
,,,,,,  -   ,,,,
,,,,,,  -   ,,,,
,,,,,,  -   ,,,,
,,,,,,  -   ,,,,
,,,,,,  -   ,,,,
,,,,,,  -   ,,,,
,,,,,,  -   ,,,,
,,,,,,  -   ,,,,
,,,,,,  -   ,,,,
,,,,,,  -   ,,,,
,,,,,,  -   ,,,,
,,,,,,  -   ,,,,
,,,,,,  -   ,,,,
,,,,,,  -   ,,,,
,,,,,,  -   ,,,,
,,,,,,  -   ,,,,
,,,,,,  -   ,,,,
,,,,,,  -   ,,,,
,,,,,,  -   ,,,,
,,,,,,  -   ,,,,
,,,,,,  -   ,,,,
,,,,,,  -   ,,,,