Sl#,Invoice #,Date,Proposal Ref No,PARTY,Address 1,Address 2,Particulars 1,Amount 1,Qty.,Due Date,Location,VAT,Amount,Particulars 2,Amount 2,VAT Rate2,VAT Amount2,Amount3,Particulars 3,Amount 3,VAT Rate3,VAT Amount22,Amount33,Amount 32,Amount 4,Total Amount,Column1,Remarks,VAT IN Number,Notes
1,TTT/25/070111,28/May/25,May,Al Qurum Perfume,"PO Box 243, PC 114, Ghubra,","Muscat, Sultanate of Oman",Training Need Analysis & Customer Survey,"OMR 1,120.000",1.00,28/May/25,"Muscat, Oman",OMR 0.000,"OMR 1,120.000",,,OMR 0.000,OMR 0.000,OMR 0.000,,,OMR 0.000,OMR 0.000,OMR 0.000,OMR 0.000,,"OMR 1,120.000",,NA,N/A,
2,TTT/25/070112,21/Aug/25,May,Al Qurum Perfume,"PO Box 243, PC 114, Ghubra,","Muscat, Sultanate of Oman",Training Need Analysis & Customer Survey,OMR 280.000,1.00,21/Aug/25,"Muscat, Oman",OMR 0.000,OMR 280.000,,,,,,,,,,,,,,,,,
3,TTT/25/070113,4/Jun/25,June,Samar Alqrm International LLC,"PO Box 243, PC 114, Ghubra,","Muscat, Sultanate of Oman",Multi  Vendor App Development,"OMR 4,614.000",1.00,4/Jun/25,"Muscat, Oman",OMR 0.000,"OMR 4,614.000",,,,,,,,,,,,,,,,,
4,TTT/25/070114,4/Jun/25,June,Samar Alqrm International LLC,"PO Box 243, PC 114, Ghubra,","Muscat, Sultanate of Oman",Multi  Vendor App Development,"OMR 3,076.000",1.00,4/Jun/25,"Muscat, Oman",OMR 0.000,"OMR 3,076.000",,,,,,,,,,,,,,,,,
5,TTT/25/070115,17/Dec/25,December,Samar Alqrm International LLC,"PO Box 243, PC 114, Ghubra,","Muscat, Sultanate of Oman",Multi  Vendor App Development,"OMR 3,845.000",1.00,17/Dec/25,"Muscat, Oman",OMR 0.000,"OMR 3,845.000",,,,,,,,,,,,,,,,,Being Invoiced for 25% – Upon Completion of Development.
6,TTT/25/070116,21/Apr/26,April,Samar Alqrm International LLC,"PO Box 243, PC 114, Ghubra,","Muscat, Sultanate of Oman",Multi  Vendor App Development,"OMR 3,845.000",1.00,21/Apr/26,"Muscat, Oman",OMR 0.000,"OMR 3,845.000",,,,,,,,,,,,,,,,,Being Invoiced for Balancee 25% for final payment.
7,TTT/25/070117,23/Aug/25,TTT/2025/P009,Samar Alqrm International LLC,"PO Box 243, PC 114, Ghubra,","Muscat, Sultanate of Oman",Branding & Digital Transformation Charges,OMR 240.000,1.00,23/Aug/25,"Muscat, Oman",OMR 0.000,OMR 240.000,,,,,,,,,,,,,,,,,
8,TTT/25/070118,28/Aug/25,August,Fortune Technology Solutions LLC,"Gulf Energy Building, 2nd Floor, Way No. 5001, Building No. 21,"," P.O. Box - 245, P.C 131, Muscat, Sultanate of Oman",Visitor Management System,OMR 675.000,4.00,28/Aug/25,"Muscat, Oman",OMR 0.000,OMR 675.000,,,,,,,,,,,,,,,,,
9,TTT/25/070119,2/Sep/25,Sept.,Capital Cloud Trading,"Maha Road, Al Khuwair,","Muscat, Sultanate of Oman",Electronic ticketing system ERP and the company's physical website,OMR 100.000,  1.000 ,2/Sep/25,"Muscat, Oman",OMR 0.000,OMR 100.000,,,,,,,,,,,,,,,,,
10,TTT/25/070120,2/Sep/25,Sept.,Capital Cloud Trading,"Maha Road, Al Khuwair,","Muscat, Sultanate of Oman",Electronic ticketing system ERP and the company's physical website,OMR 95.000,  1.000 ,2/Sep/25,"Muscat, Oman",OMR 0.000,OMR 95.000,,,,,,,,,,,,,,,,,
11,TTT/25/070121,16/Sep/25,Sept.,Tamimah Telecom,"P B 3641, Ruwi 112,","Muscat, Sultanate of Oman",Business Development Fee for IT Related Products.,"OMR 1,750.000",OMR 3.000,16/Sep/25,"Muscat, Oman",OMR 0.000,"OMR 1,750.000",,,,,,,,,,,,,,,,,
12,TTT/25/070122,21/Sep/25,Sept.,Tamimah Telecom,"P B 3641, Ruwi 112,","Muscat, Sultanate of Oman",Business Development Fee for IT Related Products.,OMR 650.000,  1.000 ,21/Sep/25,"Muscat, Oman",OMR 0.000,OMR 650.000,,,,,,,,,,,,,,,,,
13,TTT/25/070123,23/Sep/25,Sept.,Samar Alqrm International LLC,"PO Box 243, PC 114, Ghubra,","Muscat, Sultanate of Oman",Branding & Digital Transformation Charges,OMR 612.500,  7.000 ,23/Sep/25,"Muscat, Oman",OMR 0.000,OMR 612.500,,,,,,,,,,,,,,,,,
14,TTT/25/070124,23/Sep/25,Sept.,Samar Alqrm International LLC,"PO Box 243, PC 114, Ghubra,","Muscat, Sultanate of Oman",Branding & Digital Transformation Charges,OMR 348.000,  1.000 ,23/Sep/25,"Muscat, Oman",OMR 0.000,OMR 348.000,,,,,,,,,,,,,,,,,
15,TTT/25/070125,23/Sep/25,TTT/2025/P009,Samar Alqrm International LLC,"PO Box 243, PC 114, Ghubra,","Muscat, Sultanate of Oman",Branding & Digital Transformation Charges,OMR 60.000,  1.000 ,23/Sep/25,"Muscat, Oman",OMR 0.000,OMR 60.000,,,,,,,,,,,,,,,,,
16,TTT/25/070126,23/Sep/25,Sept.,Fortune Technology Solutions LLC,"Gulf Energy Building, 2nd Floor, Way No. 5001, Building No. 21,"," P.O. Box - 245, P.C 131, Muscat, Sultanate of Oman",Visitor Management System,OMR 675.000,  4.000 ,23/Sep/25,"Muscat, Oman",OMR 0.000,OMR 675.000,,,,,,,,,,,,,,,,,25% – Advance Payment (paid) • 25% – Upon Project Execution• 25% – Upon Project Completion• 25% – Upon UAT (User Acceptance Testing)
17,TTT/25/070127,25/Aug/25,August,Laila's exceptional projects,"North Al Hayl, Al Seeb,","Muscat, Sultanate of Oman",Human Resource Solutions,OMR 384.000,  1.000 ,25/Aug/25,"Muscat, Oman",OMR 0.000,OMR 384.000,,,,,,,,,,,,,,,,,Payment Terms: a) 60 % Advance b) 40% upon completion.
18,TTT/25/070128,11/Oct/25,October,Laila's exceptional projects,"North Al Hayl, Al Seeb,","Muscat, Sultanate of Oman",Human Resource Solutions,OMR 256.000,  1.000 ,11/Oct/25,"Muscat, Oman",OMR 0.000,OMR 256.000,,,,,,,,,,,,,,,,,Payment Terms: (a) 60 % Advance - Paid (b) 40% Final Payment.
19,TTT/25/070129,Old,October,Capital Cloud Trading,"Maha Road, Al Khuwair,","Muscat, Sultanate of Oman",Electronic ticketing system ERP and the company's physical website,OMR 100.000,  1.000 ,Old,"Muscat, Oman",OMR 0.000,OMR 100.000,,,,,,,,,,,,,,,,,
20,TTT/25/070130,11/Oct/25,October,Capital Cloud Trading,"Maha Road, Al Khuwair,","Muscat, Sultanate of Oman",Electronic ticketing system ERP and the company's physical website,OMR 100.000,  1.000 ,11/Oct/25,"Muscat, Oman",OMR 0.000,OMR 100.000,,,,,,,,,,,,,,,,,"Phase 1: 100.000 (Paid)
Phase 2: 100.000 (Pending)
Phase 3: 100.000 (Paid)
Final Payment: 95.000 (Paid)"
21,TTT/25/070131,28/Oct/25,October,Tamimah Telecom,"P B 3641, Ruwi 112,","Muscat, Sultanate of Oman",Business Development Fee for IT Related Products.,OMR 650.000,  1.000 ,28/Oct/25,"Muscat, Oman",OMR 0.000,OMR 650.000,,,,,,,,,,,,,,,,,Being invoice issued for the month of October 2025.
22,TTT/25/070132,29/Oct/25,October,Laila's Exceptional Projects,"North Al Hayl, Al Seeb,","Muscat, Sultanate of Oman",HR Policy Framework & Attendance Tracking System.,OMR 150.000,  1.000 ,29/Oct/25,"Muscat, Oman",OMR 0.000,OMR 150.000,,,,,,,,,,,,,,,,,Being invoice issued for 50% advanced of OMR 300/-.
23,TTT/25/070133,29/Oct/25,October,Laila's Exceptional Projects,"North Al Hayl, Al Seeb,","Muscat, Sultanate of Oman",Employee Retention & Recognition Plan,OMR 150.000,  1.000 ,29/Oct/25,"Muscat, Oman",OMR 0.000,OMR 150.000,,,,,,,,,,,,,,,,,Being monthly invoice issued for the month of November 2025
24,TTT/25/070134,29/Oct/25,October,Laila's Exceptional Projects,"North Al Hayl, Al Seeb,","Muscat, Sultanate of Oman",BRAND MARKETING & CUSTOMER RETENTION,OMR 110.000,  1.000 ,29/Oct/25,"Muscat, Oman",OMR 0.000,OMR 110.000,,,,,,,,,,,,,,,,,Being 50% Advance for: a)WhatsApp Business Setup & Automation. b)POS Setup & Staff Training. c)Recipe Management.                                                                                  (d) NFC card and setup - Complimentary 
25,TTT/25/070135,29/Oct/25,October,Laila's Exceptional Projects,"North Al Hayl, Al Seeb,","Muscat, Sultanate of Oman",Digital Foundation & Monthly Maintenance,OMR 126.000,  1.000 ,29/Oct/25,"Muscat, Oman",OMR 0.000,OMR 126.000,,,,,,,,,,,,,,,,,Being mothly invoice issued for a) Google Business Profile SEO @50/-. b) WhatsApp Business @31/-. c)POS monthly Subscription @45/-. For the month of Nov 2025
26,TTT/25/070136,6/Nov/25,November,Al Qurum Perfume,"PO Box 243, PC 114, Ghubra,","Muscat, Sultanate of Oman",Marketing Management & Digital Maintenance,OMR 510.000,  1.000 ,6/Nov/25,"Muscat, Oman",OMR 0.000,OMR 510.000,,,,,,,,,,,,,,,,,"Being mothly invoice issued for a) Digital Marketing Management b) Traditional In-Store marketing, for the month of Nov 2025"
27,TTT/25/070137,6/Nov/25,November,Al Qurum Perfume,"PO Box 243, PC 114, Ghubra,","Muscat, Sultanate of Oman",CRM Solutions and WhatsApp Business,OMR 292.000,  1.000 ,6/Nov/25,"Muscat, Oman",OMR 0.000,OMR 292.000,,,,,,,,,,,,,,,,,"Being mothly invoice issued for 80% advance for CRM Set-up, WhatsApp business setup & Pre-Additional chatbot"
28,TTT/25/070138,6/Nov/25,November,Al Qurum Perfume,"PO Box 243, PC 114, Ghubra,","Muscat, Sultanate of Oman",Employee Retention & Recognition Plan,OMR 340.000,  1.000 ,6/Nov/25,"Muscat, Oman",OMR 0.000,OMR 340.000,,,,,,,,,,,,,,,,,Being invoice issued for 80% advanced of OMR 225+200/-.
29,TTT/25/070139,6/Nov/25,November,Al Qurum Perfume,"PO Box 243, PC 114, Ghubra,","Muscat, Sultanate of Oman",Employee Retention & Recognition Plan,OMR 300.000,  1.000 ,6/Nov/25,"Muscat, Oman",OMR 0.000,OMR 300.000,,,,,,,,,,,,,,,,,Being monthly invoice issued for the month of November 2025
30,TTT/25/070140,25/Nov/25,November,Tamimah Telecom,"P B 3641, Ruwi 112,","Muscat, Sultanate of Oman",Business Development Fee for IT Related Products.,OMR 640.000,  1.000 ,25/Nov/25,"Muscat, Oman",OMR 0.000,OMR 640.000,,,,,,,,,,,,,,,,,Being invoice issued for the month of November 2025.
31,TTT/25/070141,25/Nov/25,November,Al Qurum Perfume,"PO Box 243, PC 114, Ghubra,","Muscat, Sultanate of Oman",Marketing Management & Digital Maintenance,OMR 130.000,  1.000 ,25/Nov/25,"Muscat, Oman",OMR 0.000,OMR 130.000,,,,,,,,,,,,,,,,,Being invoice issued for Omani National Day 2025 direct costs associated to in-store & digital promotional activities.
32,TTT/25/070142,30/Nov/25,November,Fortune Technology Solutions LLC,"Gulf Energy Building, 2nd Floor, Way No. 5001, Building No. 21,"," P.O. Box - 245, P.C 131, Muscat, Sultanate of Oman",Visitor Management System,OMR 675.000,  4.000 ,30/Nov/25,"Muscat, Oman",OMR 0.000,OMR 675.000,,,,,,,,,,,,,,,,,Work Completed
33,TTT/25/070143,30/Nov/25,November,Laila's exceptional projects,"North Al Hayl, Al Seeb,","Muscat, Sultanate of Oman",Human Resource Solutions,OMR 160.000,  1.000 ,30/Nov/25,"Muscat, Oman",OMR 0.000,OMR 160.000,,,,,,,,,,,,,,,,,Being Invoiced for Mukarram - DOJ 25.11.2025.
34,TTT/25/070144,12/Dec/25,December,SynapseBoard ,Faisal@intelsysllc.com,"Muscat, Sultanate of Oman",Digital Company Brouchre,OMR 30.000,  1.000 ,12/Dec/25,"Muscat, Oman",OMR 0.000,OMR 30.000,,,,,,,,,,,,,,,,,Being Invoiced for digital invoice. 100% Advacne payment for initiation of project. Expected Submission 15.12.2025. *Note: Digital creation company policy applicable.
35,TTT/25/070145,17/Dec/25,December,Al Qurum Perfume,"PO Box 243, PC 114, Ghubra,","Muscat, Sultanate of Oman",Marketing Management & Digital Maintenance,OMR 510.000,  1.000 ,17/Dec/25,"Muscat, Oman",OMR 0.000,OMR 510.000,,,,,,,,,,,,,,,,,"Being mothly invoice issued for a) Digital Marketing Management b) Traditional In-Store marketing, for the month of Dec 2025"
36,TTT/25/070146,22/Dec/25,December,Al Qurum Perfume,"PO Box 243, PC 114, Ghubra,","Muscat, Sultanate of Oman",Employee Retention & Recognition Plan,OMR 300.000,  1.000 ,22/Dec/25,"Muscat, Oman",OMR 0.000,OMR 300.000,,,,,,,,,,,,,,,,,Being monthly invoice issued for the month of December 2025
37,TTT/25/070147,18/Dec/25,December,Al Qurum Perfume,"PO Box 243, PC 114, Ghubra,","Muscat, Sultanate of Oman",Marketing Management & Digital Maintenance - Direct Cost,OMR 620.000,  3.000 ,18/Dec/25,"Muscat, Oman",OMR 0.000,OMR 620.000,,,,,,,,,,,,,,,,,Being Invoiced for i) Digital marketing production: 250/- ii) Instore Decor store 1 (150 OMR) + Store 2 (120 OMR) iii) Sale Decoration and elements - 100 OMR NOTE: Santa Game cost will be invoiced separately
38,TTT/25/070148,18/Dec/25,December,Sabri Al Shakiri Trad - Yalla Pass,info@yallapass.om,"Muscat, Sultanate of Oman",WhatsApp Business Tool,OMR 60.990,  1.000 ,18/Dec/25,"Muscat, Oman",OMR 0.000,OMR 60.990,,,,,,,,,,,,,,,,,"Being final invoiced for Sep, Oct and November 2025 Installaments"
39,TTT/25/070149,18/Dec/25,December,Sabri Al Shakiri Trad - Yalla Pass,info@yallapass.om,"Muscat, Sultanate of Oman",Digital Transformation Charges,"OMR 2,799.950",  1.000 ,18/Dec/25,"Muscat, Oman",OMR 0.000,"OMR 2,799.950",,,,,,,,,,,,,,,,,Being final Invoiced for installment from June to November 2025.
40,TTT/25/070150,22/Dec/25,December,Samar Alqrm International LLC,"PO Box 243, PC 114, Ghubra,","Muscat, Sultanate of Oman",Human Resource Solutions,OMR 439.200,  1.000 ,22/Dec/25,"Muscat, Oman",OMR 0.000,OMR 439.200,,,,,,,,,,,,,,,,,Being 80% advance invoiced for 1 Sales Executive and 1 Technical & Operations Executive recruitment.
41,TTT/25/070151,25/Dec/25,December,Tamimah Telecom,"P B 3641, Ruwi 112,","Muscat, Sultanate of Oman",Business Development Fee for IT Related Products.,OMR 650.000,  1.000 ,25/Dec/25,"Muscat, Oman",OMR 0.000,OMR 650.000,,,,,,,,,,,,,,,,,Being invoice issued for the month of December 2025.
42,TTT/25/070152,24/Jan/26,January,Laila's Exceptional Projects,"North Al Hayl, Al Seeb,","Muscat, Sultanate of Oman",Employee Retention & Recognition Plan,OMR 300.000,  2.000 ,24/Jan/26,"Muscat, Oman",OMR 0.000,OMR 300.000,,,,,,,,,,,,,,,,,Being monthly invoice issued for the month of Dec'25 and Jan'26.
43,TTT/25/070153,24/Jan/26,January,Laila's Exceptional Projects,"North Al Hayl, Al Seeb,","Muscat, Sultanate of Oman",BRAND MARKETING & CUSTOMER RETENTION,,  2.000 ,24/Jan/26,"Muscat, Oman",OMR 0.000,OMR 0.000,,,,,,,,,,,,,,,,,Being mothly invoice issued for a) Google Business Profile SEO @50/-. b) POS monthly Subscription @45/-. For the month of DEC'25 & JAN 2026
44,TTT/25/070154,24/Jan/26,January,Laila's Exceptional Projects,"North Al Hayl, Al Seeb,","Muscat, Sultanate of Oman",Digital Foundation & Monthly Maintenance,OMR 190.000,,24/Jan/26,"Muscat, Oman",OMR 0.000,OMR 190.000,,,,,,,,,,,,,,,,,Being 50% balance for: a)WhatsApp Business Setup & Automation. b)POS Setup & Staff Training. c)Recipe Management.                                                                                  (d) NFC card and setup - Complimentary 
45,TTT/25/070155,26/Jan/26,January,Tamimah Telecom,"P B 3641, Ruwi 112,","Muscat, Sultanate of Oman",Business Development Fee for IT Related Products.,OMR 640.000,  1.000 ,26/Jan/26,"Muscat, Oman",OMR 0.000,OMR 640.000,,,,,,,,,,,,,,,,,Being invoice issued for the month of January 2026.
46,TTT/25/070156,26/Jan/26,January,Al Qurum Perfume,"PO Box 243, PC 114, Ghubra,","Muscat, Sultanate of Oman",Marketing Management & Digital Maintenance,OMR 510.000,  1.000 ,26/Jan/26,"Muscat, Oman",OMR 0.000,OMR 510.000,,,,,,,,,,,,,,,,,Being monthly invoice issued for the month of Jan 2026
47,TTT/25/070157,26/Jan/26,January,Al Qurum Perfume,"PO Box 243, PC 114, Ghubra,","Muscat, Sultanate of Oman",Employee Retention & Recognition Plan,OMR 300.000,  1.000 ,26/Jan/26,"Muscat, Oman",OMR 0.000,OMR 300.000,,,,,,,,,,,,,,,,,Being monthly invoice issued for the month of Jan 2026
48,TTT/25/070158,26/Jan/26,January,Mishal Trading Company,"Muscat, ",Sultanate of Oman,Website Development,OMR 299.000,  1.000 ,26/Jan/26,"Muscat, Oman",OMR 0.000,OMR 299.000,,,,,,,,,,,,,,,,,Being Invoiced for Website development.
49,TTT/25/070159,26/Jan/26,January,Mishal Trading Company,"Muscat, ",Sultanate of Oman,Company Profile,OMR 50.000,  1.000 ,26/Jan/26,"Muscat, Oman",OMR 0.000,OMR 50.000,,,,,,,,,,,,,,,,,Being Invoiced for Company Profile.
50,TTT/25/070160,26/Jan/26,January,Al Harasi Ropes Factory,"Muscat, ",Sultanate of Oman,Website Development,OMR 255.600,  1.000 ,26/Jan/26,"Muscat, Oman",OMR 0.000,OMR 255.600,,,,,,,,,,,,,,,,,Being Final invoice for website development. Already Paid 128/- Balance 127.600/-.
51,TTT/25/070161,26/Jan/26,January,Laila's Exceptional Projects,"North Al Hayl, Al Seeb,","Muscat, Sultanate of Oman",Cabling and Local Networking Set Up & Config ,OMR 78.000,,26/Jan/26,"Muscat, Oman",OMR 0.000,OMR 78.000,,,,,,,,,,,,,,,,,"Being Invoiced for LAN Switch, Cables, IP Mapping, USB Cable, NFC Card"
52,TTT/25/070162,26/Jan/26,January,Al Qurum Perfume,"PO Box 243, PC 114, Ghubra,","Muscat, Sultanate of Oman",Website Development,OMR 120.000,  1.000 ,26/Jan/26,"Muscat, Oman",OMR 0.000,OMR 120.000,,,,,,,,,,,,,,,,,Being monthly invoice issued for website development.
53,TTT/25/070163,26/Jan/26,January,Al Qurum Perfume,"PO Box 243, PC 114, Ghubra,","Muscat, Sultanate of Oman",Branding Kits for Digital Marketing,OMR 249.000,  1.000 ,26/Jan/26,"Muscat, Oman",OMR 0.000,OMR 249.000,,,,,,,,,,,,,,,,,Being Invoice issued for social media branding kits.
54,TTT/25/070164,9/Feb/26,February,Al Qurum Perfume,"PO Box 243, PC 114, Ghubra,","Muscat, Sultanate of Oman",Marketing Management & Digital Maintenance - Direct Cost,OMR 500.000,  1.000 ,9/Feb/26,"Muscat, Oman",OMR 0.000,OMR 500.000,,,,,,,,,,,,,,,,,Being Invoice issued for estimated direct cost for digital production and marketing. Actual cost will be share at the end of the month
55,TTT/25/070165,25/Feb/26,March,Tamimah Telecom,"P B 3641, Ruwi 112,","Muscat, Sultanate of Oman",Business Development Fee for IT Related Products.,OMR 645.000,  1.000 ,25/Feb/26,"Muscat, Oman",OMR 0.000,OMR 645.000,,,,,,,,,,,,,,,,,Being invoice issued for the month of FEB 2026.
56,TTT/25/070166,8/Mar/26,March,Tamimah Telecom,"P B 3641, Ruwi 112,","Muscat, Sultanate of Oman",Business Development Fee for IT Related Products.,OMR 600.000,  1.000 ,8/Mar/26,"Muscat, Oman",OMR 0.000,OMR 600.000,,,,,,,,,,,,,,,,,Being invoice issued for the month of MAR 2026.
57,TTT/25/070167,28/Feb/26,February,Al Qurum Perfume,"PO Box 243, PC 114, Ghubra,","Muscat, Sultanate of Oman",Marketing Management & Digital Maintenance,OMR 510.000,  1.000 ,28/Feb/26,"Muscat, Oman",OMR 0.000,OMR 510.000,,,,,,,,,,,,,,,,,Being monthly invoice issued for the month of Feb 2026
58,TTT/25/070168,28/Feb/26,February,Al Qurum Perfume,"PO Box 243, PC 114, Ghubra,","Muscat, Sultanate of Oman",Employee Retention & Recognition Plan,OMR 300.000,  1.000 ,28/Feb/26,"Muscat, Oman",OMR 0.000,OMR 300.000,,,,,,,,,,,,,,,,,Being monthly invoice issued for the month of Feb 2026
59,TTT/25/070169,28/Feb/26,February,Al Qurum Perfume,"PO Box 243, PC 114, Ghubra,","Muscat, Sultanate of Oman",Marketing Management & Digital Maintenance - Direct Cost,OMR 253.000,  1.000 ,28/Feb/26,"Muscat, Oman",OMR 0.000,OMR 253.000,,,,,,,,,,,,,,,,,Being invoice issued for the direct cost of Feb 2026
60,TTT/25/070170,28/Feb/26,February,Al Qurum Perfume,"PO Box 243, PC 114, Ghubra,","Muscat, Sultanate of Oman",Employee Retention & Recognition Plan,OMR 85.000,  1.000 ,28/Feb/26,"Muscat, Oman",OMR 0.000,OMR 85.000,Being invoice issued for 80% advanced of OMR 225+200/-.,,,,,,,,,,,,,,,,Being invoice issued for Balance 20% of OMR 225+200/-.
61,TTT/25/070171,28/Feb/26,February,Laila's Exceptional Projects,"North Al Hayl, Al Seeb,","Muscat, Sultanate of Oman",POS Monthly Subscription fee,OMR 45.000,  1.000 ,28/Feb/26,"Muscat, Oman",OMR 0.000,OMR 45.000,Being mothly invoice issued for a) Google Business Profile SEO @50/-. b) POS monthly Subscription @45/-. For the month of DEC'25 & JAN 2026,,,,,,,,,,,,,,,,Being invoiced for POS Feb 2026 Subscription fee.
62,TTT/25/070172,9/Mar/26,March,Laila's Exceptional Projects,"North Al Hayl, Al Seeb,","Muscat, Sultanate of Oman",POS Monthly Subscription fee,OMR 45.000,  1.000 ,9/Mar/26,"Muscat, Oman",OMR 0.000,OMR 45.000,Being mothly invoice issued for a) Google Business Profile SEO @50/-. b) POS monthly Subscription @45/-. For the month of DEC'25 & JAN 2026,,,,,,,,,,,,,,,,Being invoiced for POS Mar 2026 Subscription fee.
63,TTT/25/070173,28/Mar/26,March,Al Qurum Perfume,"PO Box 243, PC 114, Ghubra,","Muscat, Sultanate of Oman",Marketing Management & Digital Maintenance,OMR 510.000,  1.000 ,28/Mar/26,"Muscat, Oman",OMR 0.000,OMR 510.000,,,,,,,,,,,,,,,,,Being monthly invoice issued for the month of Mar 2026
64,TTT/25/070174,28/Mar/26,March,Al Qurum Perfume,"PO Box 243, PC 114, Ghubra,","Muscat, Sultanate of Oman",Employee Retention & Recognition Plan,OMR 300.000,  1.000 ,28/Mar/26,"Muscat, Oman",OMR 0.000,OMR 300.000,,,,,,,,,,,,,,,,,Being monthly invoice issued for the month of Mar 2026
65,TTT/25/070175,26/Apr/26,April,Tamimah Telecom,"P B 3641, Ruwi 112,","Muscat, Sultanate of Oman",Business Development Fee for IT Related Products.,OMR 694.000,  1.000 ,26/Apr/26,"Muscat, Oman",OMR 0.000,OMR 694.000,,,,,,,,,,,,,,,,,Being invoice issued for the month of Apr 2026.
66,TTT/25/070176,21/Apr/26,April,Samar Alqrm International LLC,"PO Box 243, PC 114, Ghubra,","Muscat, Sultanate of Oman",Branding & Digital Transformation Charges,OMR 689.000,1.00,21/Apr/26,"Muscat, Oman",OMR 0.000,OMR 689.000,,,,,,,,,,,,,,,,,Being invoice issued for web and mobile app development reinitiation.
67,TTT/25/070177,12/May/26,May,Exclusive Business Projects,Muscat,Sultanate of Oman,Internal Audit and Monitoring,OMR 139.000,1.00,12/May/26,"Muscat, Oman",OMR 0.000,OMR 139.000,Being invoice issued for advance OMR 100/- for May 2026. Balance OMR 39/-,,,,,,,,,,,,,,,,Being monthly invoice issued for the month of Apr 2026
68,TTT/25/070178,19/Apr/26,April,Al Qurum Perfume,"PO Box 243, PC 114, Ghubra,","Muscat, Sultanate of Oman",Marketing Management & Digital Maintenance,OMR 510.000,1.00,19/Apr/26,"Muscat, Oman",OMR 0.000,OMR 510.000,Being monthly invoice issued for the month of Apr 2026,,,,,,,,,,,,,,,,Being monthly invoice issued for the month of Apr 2026
69,TTT/25/070179,19/Apr/26,April,Al Qurum Perfume,"PO Box 243, PC 114, Ghubra,","Muscat, Sultanate of Oman",Employee Retention & Recognition Plan,OMR 300.000,1.00,19/Apr/26,"Muscat, Oman",OMR 0.000,OMR 300.000,Being monthly invoice issued for the month of Apr 2026,,,,,,,,,,,,,,,,Being invoice for 60% advance upon project confirmation. 30% upon completion of requirement gathering and configuration. 10% upon project completion.
70,TTT/25/070181,21/May/26,May,Tamimah Telecom,"P B 3641, Ruwi 112,","Muscat, Sultanate of Oman",Business Development Fee for IT Related Products.,OMR 645.000,OMR 1.000,21/May/26,"Muscat, Oman",OMR 0.000,OMR 645.000,Being invoice issued for the month of May 2026.,,,,,,,,,,,,,,,,Being invoice issued for the month of MAY 2026.
71,TTT/25/070182,1/Jun/26,June,Taameer Insvestment SAOC,"PO Box 562, Postal Code 130","Muscat, Sultanate of Oman",Property Management & HR Solutions (ERP),"OMR 2,310.000",1.00,1/Jun/26,"Muscat, Oman",OMR 0.000,"OMR 2,310.000",,,,,,,,,,,,,,,,,Being invoice for 60% advance upon project confirmation. 30% upon completion of requirement gathering and configuration. 10% upon project completion.
72,TTT/25/070183,15/Jun/26,June,Laila's Exceptional Projects,"North Al Hayl, Al Seeb,","Muscat, Sultanate of Oman",POS Monthly Subscription fee,OMR 135.000,  1.000 ,15/Jun/26,"Muscat, Oman",OMR 0.000,OMR 135.000,Being mothly invoice issued for a) Google Business Profile SEO @50/-. b) POS monthly Subscription @45/-. For the month of DEC'25 & JAN 2026,,,,,,,,,,,,,,,,"Being invoiced for POS April to June, 2026 Subscription fee."
73,TTT/25/070184,22/Jun/26,June,Tamimah Telecom,"P B 3641, Ruwi 112,","Muscat, Sultanate of Oman",Business Development Fee for IT Related Products.,OMR 650.000,OMR 1.000,22/June/26,"Muscat, Oman",OMR 0.000,OMR 650.000,Being invoice issued for the month of May 2026.,,,,,,,,,,,,,,,,Being invoice issued for the month of JUN 2026.
74,TTT/25/070185,25/Jun/26,June,Burger Restaurant – Bidiya,hisham222x@gmail.com,"Bidiya, Sultanate of Oman",Human Resource Solutions,OMR 112.000,OMR 1.000,25/June/26,"Muscat, Oman",OMR 0.000,OMR 112.000,,,,,,,,,,,,,,,,,Being invoice issued for additional Headcount.
75,TTT/25/070186,22/Jul/26,July,Tamimah Telecom,"P B 3641, Ruwi 112,","Muscat, Sultanate of Oman",Business Development Fee for IT Related Products.,OMR 725.000,OMR 1.000,22/July/26,"Muscat, Oman",OMR 0.000,OMR 725.000,Being invoice issued for the month of May 2026.,,,,,,,,,,,,,,,,Being invoice issued for the month of July 2026.
76,TTT/25/070187,,,,,,,,,,,OMR 0.000,OMR 0.000,,,,,,,,,,,,,,,,,
77,TTT/25/070188,,,,,,,,,,,OMR 0.000,OMR 0.000,,,,,,,,,,,,,,,,,
78,TTT/25/070189,,,,,,,,,,,OMR 0.000,OMR 0.000,,,,,,,,,,,,,,,,,
79,TTT/25/070190,,,,,,,,,,,OMR 0.000,OMR 0.000,,,,,,,,,,,,,,,,,
80,TTT/25/070191,,,,,,,,,,,OMR 0.000,OMR 0.000,,,,,,,,,,,,,,,,,
81,TTT/25/070192,,,,,,,,,,,OMR 0.000,OMR 0.000,,,,,,,,,,,,,,,,,
82,TTT/25/070193,,,,,,,,,,,OMR 0.000,OMR 0.000,,,,,,,,,,,,,,,,,
83,TTT/25/070194,,,,,,,,,,,OMR 0.000,OMR 0.000,,,,,,,,,,,,,,,,,
84,TTT/25/070195,,,,,,,,,,,OMR 0.000,OMR 0.000,,,,,,,,,,,,,,,,,
85,TTT/25/070196,,,,,,,,,,,OMR 0.000,OMR 0.000,,,,,,,,,,,,,,,,,
86,TTT/25/070197,,,,,,,,,,,OMR 0.000,OMR 0.000,,,,,,,,,,,,,,,,,
87,TTT/25/070198,,,,,,,,,,,OMR 0.000,OMR 0.000,,,,,,,,,,,,,,,,,
88,TTT/25/070199,,,,,,,,,,,OMR 0.000,OMR 0.000,,,,,,,,,,,,,,,,,
89,TTT/25/070200,,,,,,,,,,,OMR 0.000,OMR 0.000,,,,,,,,,,,,,,,,,
90,TTT/25/070201,,,,,,,,,,,OMR 0.000,OMR 0.000,,,,,,,,,,,,,,,,,
91,TTT/25/070202,,,,,,,,,,,OMR 0.000,OMR 0.000,,,,,,,,,,,,,,,,,
92,TTT/25/070203,,,,,,,,,,,OMR 0.000,OMR 0.000,,,,,,,,,,,,,,,,,
93,TTT/25/070204,,,,,,,,,,,OMR 0.000,OMR 0.000,,,,,,,,,,,,,,,,,
94,TTT/25/070205,,,,,,,,,,,OMR 0.000,OMR 0.000,,,,,,,,,,,,,,,,,
95,TTT/25/070206,,,,,,,,,,,OMR 0.000,OMR 0.000,,,,,,,,,,,,,,,,,
96,TTT/25/070207,,,,,,,,,,,OMR 0.000,OMR 0.000,,,,,,,,,,,,,,,,,
97,TTT/25/070208,,,,,,,,,,,OMR 0.000,OMR 0.000,,,,,,,,,,,,,,,,,
98,TTT/25/070209,,,,,,,,,,,OMR 0.000,OMR 0.000,,,,,,,,,,,,,,,,,
99,TTT/25/070210,,,,,,,,,,,OMR 0.000,OMR 0.000,,,,,,,,,,,,,,,,,
100,TTT/25/070211,,,,,,,,,,,OMR 0.000,OMR 0.000,,,,,,,,,,,,,,,,,
101,TTT/25/070212,,,,,,,,,,,OMR 0.000,OMR 0.000,,,,,,,,,,,,,,,,,
102,TTT/25/070213,,,,,,,,,,,OMR 0.000,OMR 0.000,,,,,,,,,,,,,,,,,